Country,Year,Share below $3 a day
Albania,1996,2.9678411
Albania,2002,4.194722
Albania,2005,2.6502175
Albania,2008,0.8273079
Albania,2012,1.7945902
Albania,2014,3.6761396
Albania,2015,1.1148642
Albania,2016,1.1406198
Albania,2017,1.4444441
Albania,2018,1.0100294
Albania,2019,0.27236944
Albania,2020,0.34092245
Algeria,1988,12.2630005
Algeria,1995,11.807
Algeria,2011,0
Angola,2000,26.95464
Angola,2008,22.079582
Angola,2018,39.294704
Argentina (urban),1980,0
Argentina (urban),1986,1.2647202
Argentina (urban),1987,1.4871476
Argentina (urban),1991,1.2815984
Argentina (urban),1992,2.4939559
Argentina (urban),1993,2.912502
Argentina (urban),1994,2.7062604
Argentina (urban),1995,5.119365
Argentina (urban),1996,5.41143
Argentina (urban),1997,5.2120194
Argentina (urban),1998,5.660222
Argentina (urban),1999,5.9064207
Argentina (urban),2000,7.345725
Argentina (urban),2001,10.725481
Argentina (urban),2002,17.05804
Argentina (urban),2003,8.187361
Argentina (urban),2004,6.0202084
Argentina (urban),2005,4.4246016
Argentina (urban),2006,3.4641247
Argentina (urban),2007,2.758885
Argentina (urban),2008,2.6231124
Argentina (urban),2009,2.4477217
Argentina (urban),2010,1.5344403
Argentina (urban),2011,1.2077631
Argentina (urban),2012,1.2695837
Argentina (urban),2013,1.0892079
Argentina (urban),2014,1.0590506
Argentina (urban),2016,1.269002
Argentina (urban),2017,1.1142496
Argentina (urban),2018,1.6383039
Argentina (urban),2019,1.6846492
Argentina (urban),2020,2.1969552
Argentina (urban),2021,1.3630346
Argentina (urban),2022,1.294458
Argentina (urban),2023,1.1574727
Argentina (urban),2024,0.96368045
Armenia,1999,21.169123
Armenia,2001,24.141233
Armenia,2002,19.766228
Armenia,2003,14.845049
Armenia,2004,10.347973
Armenia,2005,6.11446
Armenia,2006,4.5136204
Armenia,2007,3.69028
Armenia,2008,2.0055044
Armenia,2009,3.1141958
Armenia,2010,2.9445043
Armenia,2011,3.1296055
Armenia,2012,2.498793
Armenia,2013,2.9467812
Armenia,2014,3.4375873
Armenia,2015,2.8523972
Armenia,2016,2.515995
Armenia,2017,2.3624778
Armenia,2018,2.8966322
Armenia,2019,2.4278004
Armenia,2020,1.5165919
Armenia,2021,2.1180894
Armenia,2022,1.8968815
Armenia,2023,1.9280258
Australia,1981,0.9935031
Australia,1985,1.0013098
Australia,1989,0.744275
Australia,1995,0.99273145
Australia,2001,0.99206495
Australia,2003,0.9973307
Australia,2004,0.7125372
Australia,2008,0.66945297
Australia,2010,0.34916842
Australia,2014,0.4984838
Australia,2016,0.49874178
Australia,2018,0.49709398
Australia,2020,0.9892079
Austria,1994,0.23091485
Austria,1995,0
Austria,1996,0
Austria,1997,0.24598348
Austria,1998,0.23944513
Austria,1999,0.22600505
Austria,2000,0.24463199
Austria,2003,0.3732266
Austria,2004,0.08165289
Austria,2005,0.1536901
Austria,2006,0.14532717
Austria,2007,0.38142115
Austria,2008,0.50910014
Austria,2009,0.6884822
Austria,2010,0.5196234
Austria,2011,0.47682175
Austria,2012,0.67151517
Austria,2013,0.33799785
Austria,2014,0.22426021
Austria,2015,0.6846073
Austria,2016,0.6640636
Austria,2017,0.34972978
Austria,2018,0.56835836
Austria,2019,0.6466445
Austria,2020,0.7386065
Austria,2021,0.4858222
Austria,2022,0.6439738
Austria,2023,0.5282233
Azerbaijan,1995,19.654922
Azerbaijan,2001,11.398012
Azerbaijan,2002,0.24240217
Azerbaijan,2003,0.24874774
Azerbaijan,2004,0.046829686
Azerbaijan,2005,0
Bangladesh,1983,47.145
Bangladesh,1985,41.408
Bangladesh,1988,51.107002
Bangladesh,1991,51.207848
Bangladesh,1995,43.390747
Bangladesh,2000,41.37349
Bangladesh,2005,32.316326
Bangladesh,2010,25.11859
Bangladesh,2016,19.511166
Bangladesh,2022,5.9090796
Barbados,2016,1.6773976
Belarus,1998,38.24705
Belarus,1999,33.74537
Belarus,2000,26.505249
Belarus,2001,14.7239895
Belarus,2002,10.437627
Belarus,2003,8.68017
Belarus,2004,4.2629695
Belarus,2005,2.4400222
Belarus,2006,1.0611135
Belarus,2007,1.0624937
Belarus,2008,0.5179286
Belarus,2009,0.54016185
Belarus,2010,0.17213307
Belarus,2011,0.054681323
Belarus,2012,0.08120498
Belarus,2013,0.022473456
Belarus,2014,0
Belarus,2015,0
Belarus,2016,0
Belarus,2017,0.027521607
Belarus,2018,0.022012189
Belarus,2019,0
Belarus,2020,0
Belgium,1985,0.2401878
Belgium,1988,0.73529065
Belgium,1992,0.9832839
Belgium,1995,0.7291993
Belgium,1997,0.4924794
Belgium,2000,0.305506
Belgium,2003,0.39327395
Belgium,2004,0.052021958
Belgium,2005,0.2526065
Belgium,2006,0.19211492
Belgium,2007,0.1704831
Belgium,2008,0.11841667
Belgium,2009,0.11805879
Belgium,2010,0.14210175
Belgium,2011,0.18409432
Belgium,2012,0.17207278
Belgium,2013,0.14450805
Belgium,2014,0.07649596
Belgium,2015,0.13718837
Belgium,2016,0.059816156
Belgium,2017,0.1749619
Belgium,2018,0.089751184
Belgium,2019,0.10684811
Belgium,2020,0.08580288
Belgium,2021,0.03657119
Belgium,2022,0.020451888
Belgium,2023,0.08690045
Belize,1995,18.3566
Belize,2018,1.0364783
Benin,2003,70.45723
Benin,2011,68.410866
Benin,2015,65.8209
Benin,2018,37.176537
Benin,2021,27.223417
Bhutan,2003,23.09145
Bhutan,2007,12.029659
Bhutan,2012,3.6468897
Bhutan,2017,2.614205
Bhutan,2022,0.013378284
Bolivia,1997,18.604898
Bolivia,1999,24.576733
Bolivia,2000,28.253988
Bolivia,2001,22.324232
Bolivia,2002,23.888046
Bolivia,2004,13.245265
Bolivia,2005,18.68031
Bolivia,2006,15.90901
Bolivia,2007,12.068799
Bolivia,2008,10.567209
Bolivia,2009,10.036579
Bolivia,2011,6.9346743
Bolivia,2012,7.876712
Bolivia,2013,6.7578287
Bolivia,2014,5.5981646
Bolivia,2015,6.209847
Bolivia,2016,7.1725206
Bolivia,2017,6.4122796
Bolivia,2018,4.6958623
Bolivia,2019,3.138594
Bolivia,2020,4.2469187
Bolivia,2021,3.0546808
Bolivia,2022,3.2671218
Bolivia,2023,2.8174872
Bolivia (urban),1990,5.819
Bolivia (urban),1992,13.803379
Bosnia and Herzegovina,2001,0.64406335
Bosnia and Herzegovina,2004,0.3954833
Bosnia and Herzegovina,2007,0.17217988
Bosnia and Herzegovina,2011,0.23511446
Botswana,1985,50.131
Botswana,1993,42.122
Botswana,2002,34.809402
Botswana,2009,21.070885
Botswana,2015,21.36526
Brazil,1981,30.69484
Brazil,1982,30.966646
Brazil,1983,37.73033
Brazil,1984,36.94343
Brazil,1985,32.419662
Brazil,1986,16.679659
Brazil,1987,25.50492
Brazil,1988,28.141426
Brazil,1989,25.65102
Brazil,1990,30.337528
Brazil,1992,29.404222
Brazil,1993,28.199799
Brazil,1995,19.514116
Brazil,1996,20.650272
Brazil,1997,20.380136
Brazil,1998,19.134346
Brazil,1999,20.02006
Brazil,2001,17.547113
Brazil,2002,16.193521
Brazil,2003,17.128704
Brazil,2004,15.330197
Brazil,2005,13.664847
Brazil,2006,11.369176
Brazil,2007,10.79048
Brazil,2008,9.121086
Brazil,2009,8.444493
Brazil,2011,7.11855
Brazil,2012,6.3941836
Brazil,2013,5.3788605
Brazil,2014,4.735745
Brazil,2015,5.3538465
Brazil,2016,6.4787097
Brazil,2017,6.938964
Brazil,2018,6.8849216
Brazil,2019,7.0203094
Brazil,2020,2.7703788
Brazil,2021,7.4646964
Brazil,2022,4.854266
Brazil,2023,3.8155887
Bulgaria,1992,0
Bulgaria,2006,8.020828
Bulgaria,2007,2.4930525
Bulgaria,2008,1.9363105
Bulgaria,2009,1.7649869
Bulgaria,2010,2.6657894
Bulgaria,2011,3.4488254
Bulgaria,2012,3.0123
Bulgaria,2013,3.2666993
Bulgaria,2014,2.720817
Bulgaria,2015,4.580773
Bulgaria,2016,3.0671728
Bulgaria,2017,2.0031643
Bulgaria,2018,1.4946728
Bulgaria,2019,1.6310848
Bulgaria,2020,0.7054354
Bulgaria,2021,1.2280912
Bulgaria,2022,1.0529679
Bulgaria,2023,1.0110016
Burkina Faso,1994,87.64835
Burkina Faso,1998,86.44391
Burkina Faso,2003,69.63297
Burkina Faso,2009,67.17337
Burkina Faso,2014,58.73746
Burkina Faso,2018,47.681065
Burkina Faso,2021,42.061634
Burundi,1992,84.977
Burundi,1998,87.62948
Burundi,2006,81.50307
Burundi,2013,75.824356
Burundi,2020,74.19917
Cameroon,1996,56.479286
Cameroon,2001,30.816933
Cameroon,2007,36.015392
Cameroon,2014,29.02593
Cameroon,2021,26.691801
Canada,1971,2.4969072
Canada,1973,1.7485467
Canada,1975,1.748537
Canada,1977,1.4991962
Canada,1979,1.2497067
Canada,1981,0.9999149
Canada,1982,0.7431093
Canada,1984,0.99990416
Canada,1985,0.74566317
Canada,1986,0.9981897
Canada,1987,0.49968165
Canada,1988,0.74937075
Canada,1989,1.24935
Canada,1990,1.2484578
Canada,1991,1.2476625
Canada,1992,0.7468885
Canada,1993,1.2476294
Canada,1994,0.98957986
Canada,1995,0.74680895
Canada,1996,0.48595947
Canada,1997,0.4942893
Canada,1998,0.49965563
Canada,1999,0.49096304
Canada,2000,0.24782088
Canada,2001,0.24938154
Canada,2002,0.24230576
Canada,2003,0.23710853
Canada,2004,0.2435585
Canada,2005,0.24498986
Canada,2006,0.24914758
Canada,2007,0.24825242
Canada,2008,0.24546228
Canada,2009,0.24430971
Canada,2010,0.248831
Canada,2011,0.2261454
Canada,2012,0.24652141
Canada,2013,0.49648547
Canada,2014,0.24215806
Canada,2015,0.49591717
Canada,2016,0.4998126
Canada,2017,0.49738306
Canada,2018,0.2499711
Canada,2019,0.24863754
Canada,2020,0.24884865
Canada,2021,0.24990198
Cape Verde,2001,37.103428
Cape Verde,2007,26.158003
Cape Verde,2015,14.604078
Central African Republic,1992,84.75
Central African Republic,2008,67.263016
Central African Republic,2021,71.61735
Chad,2003,66.70019
Chad,2011,45.197655
Chad,2018,41.861454
Chad,2022,39.475376
Chile,1987,21.72764
Chile,1990,16.03024
Chile,1992,11.06924
Chile,1994,10.485112
Chile,1996,7.9555154
Chile,1998,7.396567
Chile,2000,8.604807
Chile,2003,7.940843
Chile,2006,3.3363516
Chile,2009,2.6483011
Chile,2011,1.6561191
Chile,2013,0.78041244
Chile,2015,0.6747478
Chile,2017,0.48276448
Chile,2020,1.7220365
Chile,2022,0.51983565
China,1981,97.00781
China,1984,91.367455
China,1987,81.39909
China,1990,83.03197
China,1993,76.757614
China,1996,62.002224
China,1999,58.43151
China,2002,48.14554
China,2005,33.09843
China,2008,26.242334
China,2010,20.58664
China,2011,15.696815
China,2012,13.241954
China,2013,6.2256403
China,2014,4.7445188
China,2015,2.97972
China,2016,2.1982439
China,2017,1.6652044
China,2018,0.79531056
China,2019,0
China,2020,0
China,2021,0
China,2022,0
China (rural),1981,98.95
China (rural),1984,94.457
China (rural),1987,88.49
China (rural),1990,91.376
China (rural),1993,90.505
China (rural),1996,75.840996
China (rural),1999,75.803
China (rural),2002,68.53
China (rural),2005,50.481
China (rural),2008,44.931
China (rural),2010,38.785
China (rural),2011,31.333
China (rural),2012,27.453
China (rural),2013,12.83
China (rural),2014,9.802
China (rural),2015,6.696
China (rural),2016,5.0810003
China (rural),2017,3.961
China (rural),2018,1.947
China (rural),2019,0
China (rural),2020,0
China (rural),2021,0
China (rural),2022,0
China (urban),1981,89.296
China (urban),1984,80.542
China (urban),1987,59.26
China (urban),1990,59.820004
China (urban),1993,43.268
China (urban),1996,32.481
China (urban),1999,25.977999
China (urban),2002,15.48
China (urban),2005,9.602
China (urban),2008,4.774
China (urban),2010,1.816
China (urban),2011,0.377
China (urban),2012,0
China (urban),2013,0.37199998
China (urban),2014,0.48099998
China (urban),2015,0
China (urban),2016,0
China (urban),2017,0
China (urban),2018,0
China (urban),2019,0
China (urban),2020,0
China (urban),2021,0
China (urban),2022,0
Colombia,1992,16.030035
Colombia,1996,24.790201
Colombia,1999,28.187084
Colombia,2000,23.918106
Colombia,2001,29.555029
Colombia,2002,21.234781
Colombia,2003,19.76305
Colombia,2004,19.20861
Colombia,2005,16.800352
Colombia,2008,16.56455
Colombia,2009,15.020092
Colombia,2010,13.110653
Colombia,2011,11.237753
Colombia,2012,10.886019
Colombia,2013,9.939407
Colombia,2014,8.991007
Colombia,2015,8.078434
Colombia,2016,7.9806275
Colombia,2017,7.30628
Colombia,2018,7.37823
Colombia,2019,8.789067
Colombia,2020,13.485977
Colombia,2021,11.228374
Colombia,2022,9.266202
Colombia,2023,7.6869564
Colombia (urban),1980,28.461
Colombia (urban),1988,21.383999
Colombia (urban),1989,21.279999
Colombia (urban),1991,19.303
Comoros,2004,27.8861
Comoros,2014,31.356964
Congo,2005,54.452915
Congo,2011,39.21688
Costa Rica,1981,33.519
Costa Rica,1986,19.264
Costa Rica,1989,14.398539
Costa Rica,1990,13.883035
Costa Rica,1991,17.141108
Costa Rica,1992,13.80123
Costa Rica,1993,11.79869
Costa Rica,1994,9.390195
Costa Rica,1995,10.598239
Costa Rica,1996,11.749161
Costa Rica,1997,9.06939
Costa Rica,1998,7.4750004
Costa Rica,1999,9.2871
Costa Rica,2000,9.7767515
Costa Rica,2001,7.603357
Costa Rica,2002,6.5660157
Costa Rica,2003,6.8732224
Costa Rica,2004,6.5921106
Costa Rica,2005,5.042463
Costa Rica,2006,5.160285
Costa Rica,2007,3.1409793
Costa Rica,2008,3.3739827
Costa Rica,2009,3.608842
Costa Rica,2010,2.2089725
Costa Rica,2011,2.7238452
Costa Rica,2012,2.562797
Costa Rica,2013,2.6420896
Costa Rica,2014,2.3871448
Costa Rica,2015,2.4401484
Costa Rica,2016,2.4029
Costa Rica,2017,1.7488792
Costa Rica,2018,2.320724
Costa Rica,2019,1.7298357
Costa Rica,2020,3.3517811
Costa Rica,2021,2.159623
Costa Rica,2022,1.5987651
Costa Rica,2023,1.5395533
Costa Rica,2024,1.2837076
Cote d'Ivoire,1985,14.00267
Cote d'Ivoire,1986,10.419481
Cote d'Ivoire,1987,16.153223
Cote d'Ivoire,1988,23.83157
Cote d'Ivoire,1992,39.62453
Cote d'Ivoire,1995,40.947594
Cote d'Ivoire,1998,44.085876
Cote d'Ivoire,2008,47.901295
Cote d'Ivoire,2015,47.518658
Cote d'Ivoire,2018,22.744694
Cote d'Ivoire,2021,20.902609
Croatia,1988,0
Croatia,2009,1.0073663
Croatia,2010,1.4384204
Croatia,2011,0.9928041
Croatia,2012,1.0719465
Croatia,2013,1.2065837
Croatia,2014,1.1621529
Croatia,2015,0.6963191
Croatia,2016,0.8571757
Croatia,2017,0.6165376
Croatia,2018,0.5039287
Croatia,2019,0.36413732
Croatia,2020,0.44392744
Croatia,2021,0.34081304
Croatia,2022,0.39773995
Croatia,2023,0.26276088
Cyprus,2004,0.094067946
Cyprus,2005,0.054130256
Cyprus,2006,0.018198818
Cyprus,2007,0.025159188
Cyprus,2008,0.008470222
Cyprus,2009,0.11196495
Cyprus,2010,0.058818102
Cyprus,2011,0.03207128
Cyprus,2012,0.0042377994
Cyprus,2013,0.09701857
Cyprus,2014,0.09797888
Cyprus,2015,0.04528052
Cyprus,2016,0.076234505
Cyprus,2017,0.05130247
Cyprus,2018,0.078181595
Cyprus,2019,0.1747171
Cyprus,2020,0.022083696
Cyprus,2021,0.049308844
Cyprus,2022,0.0050622793
Cyprus,2023,0.013168178
Czechia,1992,0
Czechia,1993,0
Czechia,1996,0
Czechia,2002,0
Czechia,2004,0.018054802
Czechia,2005,0.033930674
Czechia,2006,0.07572811
Czechia,2007,0.1279834
Czechia,2008,0.08416251
Czechia,2009,0.046264797
Czechia,2010,0.036178336
Czechia,2011,0.07170473
Czechia,2012,0.08467658
Czechia,2013,0.04569093
Czechia,2014,0.010326949
Czechia,2015,0.008764512
Czechia,2016,0
Czechia,2017,0
Czechia,2018,0.008861816
Czechia,2019,0
Czechia,2020,0.00814216
Czechia,2021,0.059850585
Czechia,2022,0
Czechia,2023,0
Democratic Republic of Congo,2004,94.889755
Democratic Republic of Congo,2012,78.900764
Democratic Republic of Congo,2020,85.31767
Denmark,1987,0.7480515
Denmark,1992,0.49395204
Denmark,1995,0
Denmark,2000,0
Denmark,2003,0.36886796
Denmark,2004,0.31498066
Denmark,2005,0.2781513
Denmark,2006,0.195007
Denmark,2007,0.085158594
Denmark,2008,0.29672545
Denmark,2009,0.5658649
Denmark,2010,0.05729401
Denmark,2011,0
Denmark,2012,0
Denmark,2013,0.31091565
Denmark,2014,0.24332006
Denmark,2015,0.17542586
Denmark,2016,0.27838695
Denmark,2017,0.14254275
Denmark,2018,0.2265287
Denmark,2019,0.26920906
Denmark,2020,0.1649913
Denmark,2021,0.15367964
Denmark,2022,0.24447891
Denmark,2023,0.35922468
Djibouti,2002,32.329914
Djibouti,2012,26.37515
Djibouti,2013,31.249151
Djibouti,2017,25.36088
Dominican Republic,1986,8.717
Dominican Republic,1989,20.961
Dominican Republic,1992,9.978
Dominican Republic,1996,7.9587755
Dominican Republic,1997,8.143426
Dominican Republic,2000,8.262825
Dominican Republic,2001,6.583979
Dominican Republic,2002,9.004073
Dominican Republic,2003,10.6751375
Dominican Republic,2004,14.634866
Dominican Republic,2005,9.854728
Dominican Republic,2006,8.117019
Dominican Republic,2007,7.8263493
Dominican Republic,2008,7.14287
Dominican Republic,2009,6.326564
Dominican Republic,2010,5.546935
Dominican Republic,2011,5.337238
Dominican Republic,2012,5.430507
Dominican Republic,2013,4.425707
Dominican Republic,2014,4.1287045
Dominican Republic,2015,3.267557
Dominican Republic,2016,2.9633386
Dominican Republic,2017,1.5202537
Dominican Republic,2018,1.1012305
Dominican Republic,2019,1.008983
Dominican Republic,2020,1.3026447
Dominican Republic,2021,1.2714583
Dominican Republic,2022,0.95548296
Dominican Republic,2023,1.2726033
Dominican Republic,2024,0.77533007
East Asia and Pacific (WB),1981,77.16339
East Asia and Pacific (WB),1982,76.346565
East Asia and Pacific (WB),1983,75.21595
East Asia and Pacific (WB),1984,73.250725
East Asia and Pacific (WB),1985,71.31394
East Asia and Pacific (WB),1986,69.635735
East Asia and Pacific (WB),1987,67.169395
East Asia and Pacific (WB),1988,63.420753
East Asia and Pacific (WB),1989,67.97655
East Asia and Pacific (WB),1990,66.96667
East Asia and Pacific (WB),1991,65.90702
East Asia and Pacific (WB),1992,64.21892
East Asia and Pacific (WB),1993,62.502216
East Asia and Pacific (WB),1994,58.723038
East Asia and Pacific (WB),1995,55.181015
East Asia and Pacific (WB),1996,51.646393
East Asia and Pacific (WB),1997,51.000587
East Asia and Pacific (WB),1998,51.478027
East Asia and Pacific (WB),1999,49.098423
East Asia and Pacific (WB),2000,46.76367
East Asia and Pacific (WB),2001,44.240734
East Asia and Pacific (WB),2002,40.243454
East Asia and Pacific (WB),2003,36.469193
East Asia and Pacific (WB),2004,33.067245
East Asia and Pacific (WB),2005,28.998014
East Asia and Pacific (WB),2006,27.838581
East Asia and Pacific (WB),2007,25.172096
East Asia and Pacific (WB),2008,23.489569
East Asia and Pacific (WB),2009,21.461061
East Asia and Pacific (WB),2010,18.84473
East Asia and Pacific (WB),2011,15.510421
East Asia and Pacific (WB),2012,13.456938
East Asia and Pacific (WB),2013,9.096799
East Asia and Pacific (WB),2014,7.8436284
East Asia and Pacific (WB),2015,6.1312685
East Asia and Pacific (WB),2016,5.0779915
East Asia and Pacific (WB),2017,4.197288
East Asia and Pacific (WB),2018,3.3167214
East Asia and Pacific (WB),2019,2.5870106
East Asia and Pacific (WB),2020,2.7275295
East Asia and Pacific (WB),2021,2.628998
East Asia and Pacific (WB),2022,2.4243207
East Asia and Pacific (WB),2023,2.202161
East Asia and Pacific (WB),2024,1.995938
East Asia and Pacific (WB),2025,1.8791537
East Timor,2001,55.706287
East Timor,2007,60.125923
East Timor,2014,43.935608
Eastern and Southern Africa (WB),1981,59.664017
Eastern and Southern Africa (WB),1982,59.945877
Eastern and Southern Africa (WB),1983,60.615383
Eastern and Southern Africa (WB),1984,61.5265
Eastern and Southern Africa (WB),1985,62.2625
Eastern and Southern Africa (WB),1986,61.76175
Eastern and Southern Africa (WB),1987,61.145355
Eastern and Southern Africa (WB),1988,61.10689
Eastern and Southern Africa (WB),1989,60.903233
Eastern and Southern Africa (WB),1990,61.601807
Eastern and Southern Africa (WB),1991,62.845646
Eastern and Southern Africa (WB),1992,64.006355
Eastern and Southern Africa (WB),1993,64.86317
Eastern and Southern Africa (WB),1994,64.770454
Eastern and Southern Africa (WB),1995,64.32113
Eastern and Southern Africa (WB),1996,63.5893
Eastern and Southern Africa (WB),1997,63.505478
Eastern and Southern Africa (WB),1998,63.98853
Eastern and Southern Africa (WB),1999,63.801723
Eastern and Southern Africa (WB),2000,63.09682
Eastern and Southern Africa (WB),2001,62.163525
Eastern and Southern Africa (WB),2002,63.04813
Eastern and Southern Africa (WB),2003,62.21696
Eastern and Southern Africa (WB),2004,58.76997
Eastern and Southern Africa (WB),2005,56.86546
Eastern and Southern Africa (WB),2006,55.065693
Eastern and Southern Africa (WB),2007,53.994267
Eastern and Southern Africa (WB),2008,52.979027
Eastern and Southern Africa (WB),2009,52.736652
Eastern and Southern Africa (WB),2010,51.6514
Eastern and Southern Africa (WB),2011,50.83976
Eastern and Southern Africa (WB),2012,49.94773
Eastern and Southern Africa (WB),2013,49.333836
Eastern and Southern Africa (WB),2014,49.005913
Eastern and Southern Africa (WB),2015,49.11585
Eastern and Southern Africa (WB),2016,49.74727
Eastern and Southern Africa (WB),2017,50.58104
Eastern and Southern Africa (WB),2018,51.093925
Eastern and Southern Africa (WB),2019,51.59041
Eastern and Southern Africa (WB),2020,53.35938
Eastern and Southern Africa (WB),2021,53.51548
Eastern and Southern Africa (WB),2022,53.11099
Eastern and Southern Africa (WB),2023,53.252483
Eastern and Southern Africa (WB),2024,52.939034
Eastern and Southern Africa (WB),2025,52.145725
Ecuador,1994,21.525188
Ecuador,1999,26.933432
Ecuador,2000,34.05278
Ecuador,2003,18.855589
Ecuador,2004,19.438683
Ecuador,2005,15.378599
Ecuador,2006,10.859648
Ecuador,2007,10.939807
Ecuador,2008,9.786151
Ecuador,2009,9.332509
Ecuador,2010,7.774476
Ecuador,2011,6.4440784
Ecuador,2012,6.0294714
Ecuador,2013,4.4902396
Ecuador,2014,3.9699283
Ecuador,2015,4.7707906
Ecuador,2016,4.9700646
Ecuador,2017,4.279495
Ecuador,2018,4.6928425
Ecuador,2019,4.647917
Ecuador,2020,8.438639
Ecuador,2021,5.2759323
Ecuador,2022,4.444918
Ecuador,2023,4.6807413
Ecuador,2024,7.3132634
Ecuador (urban),1987,21.55
Ecuador (urban),1995,18.083658
Ecuador (urban),1998,21.136765
Egypt,1990,7.1429996
Egypt,1995,4.08
Egypt,1999,0
Egypt,2004,4.1228056
Egypt,2008,3.7294455
Egypt,2010,1.543717
Egypt,2012,1.2466962
Egypt,2015,1.2087135
Egypt,2017,3.1126537
Egypt,2019,1.9851137
Egypt,2021,1.3737847
El Salvador,1989,24.759
El Salvador,1991,28.933971
El Salvador,1995,19.314213
El Salvador,1996,21.24485
El Salvador,1998,26.348377
El Salvador,1999,22.433226
El Salvador,2000,18.444017
El Salvador,2001,19.412968
El Salvador,2002,19.53563
El Salvador,2003,20.941368
El Salvador,2004,16.31517
El Salvador,2005,16.431662
El Salvador,2006,12.622555
El Salvador,2007,9.190638
El Salvador,2008,12.627856
El Salvador,2009,12.35654
El Salvador,2010,11.360518
El Salvador,2011,10.093275
El Salvador,2012,8.544309
El Salvador,2013,7.1413875
El Salvador,2014,6.953331
El Salvador,2015,5.3014436
El Salvador,2016,5.7748566
El Salvador,2017,4.549654
El Salvador,2018,4.0671077
El Salvador,2019,2.9840348
El Salvador,2021,5.1309085
El Salvador,2022,5.206789
El Salvador,2023,4.6368394
Equatorial Guinea,2022,8.794199
Estonia,1993,1.625
Estonia,2003,3.5524282
Estonia,2004,1.5936589
Estonia,2005,1.0830728
Estonia,2006,1.0864191
Estonia,2007,0.596354
Estonia,2008,0.55352724
Estonia,2009,0.7585305
Estonia,2010,1.0475495
Estonia,2011,1.1560694
Estonia,2012,1.0474347
Estonia,2013,1.0759389
Estonia,2014,0.99190474
Estonia,2015,0.6605013
Estonia,2016,0.58523077
Estonia,2017,0.51896274
Estonia,2018,0.41700298
Estonia,2019,0.72018766
Estonia,2020,0.4140315
Estonia,2021,0.34916055
Estonia,2022,0.4982526
Estonia,2023,0.316949
Eswatini,1994,89.301994
Eswatini,2000,64.991425
Eswatini,2009,58.21619
Eswatini,2016,44.53093
Ethiopia,1995,73.51547
Ethiopia,1999,65.88854
Ethiopia,2004,41.328793
Ethiopia,2010,37.409203
Ethiopia,2015,32.999046
Ethiopia,2021,38.636116
Ethiopia (rural),1981,77.181
Europe and Central Asia (WB),1981,3.966654
Europe and Central Asia (WB),1982,3.9625785
Europe and Central Asia (WB),1983,3.8816967
Europe and Central Asia (WB),1984,3.907062
Europe and Central Asia (WB),1985,3.9406226
Europe and Central Asia (WB),1986,3.9487906
Europe and Central Asia (WB),1987,3.9609823
Europe and Central Asia (WB),1988,3.8376956
Europe and Central Asia (WB),1989,3.8934278
Europe and Central Asia (WB),1990,4.020249
Europe and Central Asia (WB),1991,4.5235147
Europe and Central Asia (WB),1992,5.4924426
Europe and Central Asia (WB),1993,6.0819874
Europe and Central Asia (WB),1994,7.5691433
Europe and Central Asia (WB),1995,7.2686305
Europe and Central Asia (WB),1996,7.450157
Europe and Central Asia (WB),1997,6.792312
Europe and Central Asia (WB),1998,6.9918146
Europe and Central Asia (WB),1999,8.72473
Europe and Central Asia (WB),2000,7.5942235
Europe and Central Asia (WB),2001,6.9148445
Europe and Central Asia (WB),2002,6.1579266
Europe and Central Asia (WB),2003,5.942464
Europe and Central Asia (WB),2004,5.095433
Europe and Central Asia (WB),2005,5.0229526
Europe and Central Asia (WB),2006,4.407805
Europe and Central Asia (WB),2007,4.030532
Europe and Central Asia (WB),2008,3.7208245
Europe and Central Asia (WB),2009,3.7304688
Europe and Central Asia (WB),2010,3.7514672
Europe and Central Asia (WB),2011,3.621214
Europe and Central Asia (WB),2012,3.6321108
Europe and Central Asia (WB),2013,1.098333
Europe and Central Asia (WB),2014,1.1940563
Europe and Central Asia (WB),2015,1.1921484
Europe and Central Asia (WB),2016,0.9752098
Europe and Central Asia (WB),2017,0.9780461
Europe and Central Asia (WB),2018,0.82051325
Europe and Central Asia (WB),2019,0.7580326
Europe and Central Asia (WB),2020,0.825115
Europe and Central Asia (WB),2021,0.7505122
Europe and Central Asia (WB),2022,0.6939751
Europe and Central Asia (WB),2023,0.6192008
Europe and Central Asia (WB),2024,0.534375
Europe and Central Asia (WB),2025,0.50863314
Fiji,2002,5.366971
Fiji,2008,3.7875395
Fiji,2013,1.5519968
Fiji,2019,4.6530714
Finland,1987,0
Finland,1991,0
Finland,1995,0
Finland,2000,0
Finland,2003,0.049275037
Finland,2004,0.045620725
Finland,2005,0.076678194
Finland,2006,0.09183198
Finland,2007,0.063742585
Finland,2008,0.080813155
Finland,2009,0.052470084
Finland,2010,0.06909843
Finland,2011,0.053382292
Finland,2012,0.05272516
Finland,2013,0.085697666
Finland,2014,0.068529405
Finland,2015,0.07447391
Finland,2016,0.047236145
Finland,2017,0.076250486
Finland,2018,0.07705909
Finland,2019,0.041093014
Finland,2020,0.030100688
Finland,2021,0.021342963
Finland,2022,0.10597815
Finland,2023,0.19506416
France,1970,0
France,1975,0.4889663
France,1979,0.24820168
France,1984,0.49920356
France,1990,0.24754605
France,1996,0.24863891
France,1997,0.24609698
France,1998,0
France,1999,0
France,2000,0
France,2001,0
France,2002,0
France,2003,0.17248075
France,2004,0.07176917
France,2005,0.05289957
France,2006,0.029277539
France,2007,0.018264558
France,2008,0.009692239
France,2009,0.10793343
France,2010,0.08997435
France,2011,0.036160443
France,2012,0.060952414
France,2013,0.082627974
France,2014,0.02918143
France,2015,0.14518417
France,2016,0.06470839
France,2017,0.018483544
France,2018,0.021168053
France,2019,0.051448993
France,2020,0.11489582
France,2021,0.07056647
France,2022,0.054856163
France,2023,0.069723465
Gabon,2005,9.175252
Gabon,2017,3.8104873
Gambia,1998,78.006
Gambia,2003,55.172413
Gambia,2010,34.226185
Gambia,2015,17.09534
Gambia,2020,22.001888
Georgia,1996,12.208
Georgia,1997,28.24654
Georgia,1998,26.80026
Georgia,1999,32.711086
Georgia,2000,35.03414
Georgia,2001,36.724804
Georgia,2002,22.297863
Georgia,2003,22.284912
Georgia,2004,20.93828
Georgia,2005,22.326227
Georgia,2006,22.476679
Georgia,2007,23.89472
Georgia,2008,21.662111
Georgia,2009,21.148848
Georgia,2010,23.617842
Georgia,2011,21.624512
Georgia,2012,18.782145
Georgia,2013,14.88951
Georgia,2014,12.035514
Georgia,2015,10.603466
Georgia,2016,10.471306
Georgia,2017,11.065369
Georgia,2018,10.99111
Georgia,2019,9.702694
Georgia,2020,11.976328
Georgia,2021,10.790029
Georgia,2022,7.733272
Georgia,2023,5.826692
Georgia,2024,4.229261
Germany,1991,0
Germany,1992,0.23408715
Germany,1993,0
Germany,1994,0.19766816
Germany,1995,0.24643685
Germany,1996,0
Germany,1997,0
Germany,1998,0
Germany,1999,0
Germany,2000,0
Germany,2001,0
Germany,2002,0
Germany,2003,0.22922795
Germany,2004,0
Germany,2005,0
Germany,2006,0
Germany,2007,0
Germany,2008,0
Germany,2009,0
Germany,2010,0
Germany,2011,0
Germany,2012,0
Germany,2013,0
Germany,2014,0
Germany,2015,0
Germany,2016,0
Germany,2017,0.24445756
Germany,2018,0
Germany,2019,0.24957946
Germany,2020,0.24379632
Ghana,1987,78.219
Ghana,1988,77.437004
Ghana,1991,80.362366
Ghana,1998,65.34858
Ghana,2005,60.886944
Ghana,2012,41.765503
Ghana,2016,39.02579
Greece,1995,1.9932336
Greece,2000,0.23625581
Greece,2002,0.24176355
Greece,2003,0.55922097
Greece,2004,0.9122613
Greece,2005,0.44705588
Greece,2006,0.65323144
Greece,2007,0.6173905
Greece,2008,0.36503983
Greece,2009,0.6387006
Greece,2010,1.0666922
Greece,2011,1.4706451
Greece,2012,2.1395428
Greece,2013,1.5242863
Greece,2014,1.96773
Greece,2015,1.9816222
Greece,2016,1.3920056
Greece,2017,1.0717372
Greece,2018,0.15987666
Greece,2019,0.97269577
Greece,2020,1.0963272
Greece,2021,0.70142734
Greece,2022,0.6239609
Greece,2023,0.5942829
Grenada,2018,0.76735455
Guatemala,1986,47.387
Guatemala,1989,35.128002
Guatemala,1998,13.39
Guatemala,2000,8.796336
Guatemala,2006,10.515569
Guatemala,2014,7.961141
Guatemala,2023,9.66095
Guinea,1991,86.369
Guinea,1994,37.460526
Guinea,2002,50.281612
Guinea,2007,44.025917
Guinea,2012,21.259527
Guinea,2018,11.650445
Guinea-Bissau,1991,50.83
Guinea-Bissau,1993,52.815765
Guinea-Bissau,2002,68.22612
Guinea-Bissau,2010,75.70625
Guinea-Bissau,2018,37.09505
Guinea-Bissau,2021,39.86111
Guyana,1992,33.28
Guyana,1998,13.011032
Haiti,2001,75.10815
Haiti,2012,65.09744
Honduras,1989,49.484
Honduras,1990,51.673
Honduras,1991,41.26935
Honduras,1992,36.488472
Honduras,1993,31.294764
Honduras,1994,32.93872
Honduras,1995,34.42179
Honduras,1996,38.15779
Honduras,1997,27.518833
Honduras,1998,32.306
Honduras,1999,32.1215
Honduras,2001,26.542213
Honduras,2002,28.954807
Honduras,2003,34.000458
Honduras,2004,33.293827
Honduras,2005,31.339815
Honduras,2006,27.306683
Honduras,2007,22.01385
Honduras,2008,20.879866
Honduras,2009,18.062023
Honduras,2010,19.558434
Honduras,2011,20.084045
Honduras,2012,23.968513
Honduras,2013,20.793457
Honduras,2014,20.594995
Honduras,2015,19.933634
Honduras,2016,19.84204
Honduras,2017,19.327454
Honduras,2018,19.84625
Honduras,2019,18.77903
Honduras,2023,17.021276
Honduras,2024,15.717371
Honduras (urban),1986,59.460003
Hungary,1987,0
Hungary,1989,0
Hungary,1991,2.240082
Hungary,1993,0
Hungary,1994,1.9131687
Hungary,1999,0.72087806
Hungary,2004,0.26315594
Hungary,2005,1.0202755
Hungary,2006,0.19993824
Hungary,2007,0.24528888
Hungary,2008,0.08974195
Hungary,2009,0.112736054
Hungary,2010,0.16688134
Hungary,2011,0.17066939
Hungary,2012,0.47583
Hungary,2013,0.4609007
Hungary,2014,0.9814092
Hungary,2015,0.96903014
Hungary,2016,1.5732795
Hungary,2017,0.91795725
Iceland,2003,0.03769283
Iceland,2004,0.17006549
Iceland,2005,0.03701966
Iceland,2006,0.18427962
Iceland,2007,0.08061417
Iceland,2008,0.060815003
Iceland,2009,0.09720067
Iceland,2010,0.14938448
Iceland,2011,0.18829557
Iceland,2012,0.033555817
Iceland,2013,0.08820933
Iceland,2014,0
Iceland,2015,0.034490183
Iceland,2016,0
Iceland,2017,0
Iceland,2018,0.2681579
Iceland,2019,0.079942025
India,1977,59.700523
India,1983,50.867126
India,1987,51.78026
India,1993,47.482635
India,2004,46.424168
India,2009,34.575577
India,2011,27.124691
India,2022,5.2516403
Indonesia,1984,86.2464
Indonesia,1987,86.80723
Indonesia,1990,78.585175
Indonesia,1993,78.002884
Indonesia,1996,68.146065
Indonesia,1998,82.83225
Indonesia,1999,66.20952
Indonesia,2000,65.677246
Indonesia,2001,62.27131
Indonesia,2002,46.83909
Indonesia,2003,45.54861
Indonesia,2004,45.414394
Indonesia,2005,41.093803
Indonesia,2006,46.829243
Indonesia,2007,41.07683
Indonesia,2008,38.00511
Indonesia,2009,37.874855
Indonesia,2010,34.100883
Indonesia,2011,31.210201
Indonesia,2012,26.578262
Indonesia,2013,27.166552
Indonesia,2014,25.661118
Indonesia,2015,21.586103
Indonesia,2016,18.046465
Indonesia,2017,14.7567425
Indonesia,2018,12.465094
Indonesia,2019,10.849522
Indonesia,2020,9.847771
Indonesia,2021,8.564435
Indonesia,2022,7.853635
Indonesia,2023,6.7161665
Indonesia,2024,5.438113
Iran,1986,21.81
Iran,1990,21.613
Iran,1994,15.761
Iran,1998,15.158001
Iran,2005,4.463859
Iran,2006,4.4596844
Iran,2009,4.934935
Iran,2011,2.257873
Iran,2012,1.767114
Iran,2013,1.9017428
Iran,2014,3.2981892
Iran,2015,2.99278
Iran,2016,2.9715514
Iran,2017,2.6673317
Iran,2018,3.1507306
Iran,2019,4.2802615
Iran,2020,4.64235
Iran,2021,3.708684
Iran,2022,2.8053067
Iran,2023,2.4873052
Iraq,2006,0.570051
Iraq,2012,0.5591268
Iraq,2023,0.54943144
Ireland,1987,1.2452328
Ireland,1994,0.49141842
Ireland,1995,0.49401993
Ireland,1996,0.22401807
Ireland,2000,0.1782722
Ireland,2002,0.23505183
Ireland,2003,0.2256395
Ireland,2004,0.08494932
Ireland,2005,0.062692255
Ireland,2006,0.4720414
Ireland,2007,0.1293331
Ireland,2008,0.2007196
Ireland,2009,0.57757914
Ireland,2010,0.7488451
Ireland,2011,0.67324835
Ireland,2012,0.5379514
Ireland,2013,0.7410097
Ireland,2014,0.44542426
Ireland,2015,0.42780077
Ireland,2016,0.3402334
Ireland,2017,0.30404967
Ireland,2018,0.098707505
Ireland,2019,0.05635195
Ireland,2020,0.18253659
Ireland,2021,0.13114
Ireland,2022,0.20084575
Ireland,2023,0.08230577
Israel,1979,0.37931144
Israel,1986,0.47933218
Israel,1992,0.21532728
Israel,1997,0.46630716
Israel,2001,0.24897778
Israel,2002,0.7474366
Israel,2003,0.9380756
Israel,2004,0.97122806
Israel,2005,0.9717233
Israel,2006,0.49939203
Israel,2007,0.4918124
Israel,2008,0.73781514
Israel,2009,0.73936844
Israel,2010,0.46020398
Israel,2011,0.26939943
Israel,2012,0.74561507
Israel,2013,0.4745734
Israel,2014,0.7305765
Israel,2015,0.49385363
Israel,2016,0.4831344
Israel,2017,0.7238092
Israel,2018,0.71673065
Israel,2019,0.99765426
Israel,2020,0.7464206
Israel,2021,0.72074586
Italy,1977,0.22906405
Italy,1978,0.48330766
Italy,1979,0.48833704
Italy,1980,0.22686729
Italy,1981,0.19014198
Italy,1982,0.23414682
Italy,1983,0.21823193
Italy,1984,0.24595003
Italy,1986,0.24690011
Italy,1987,1.1774479
Italy,1989,0
Italy,1991,0.228989
Italy,1993,1.4406859
Italy,1995,0.74394846
Italy,1998,1.7424412
Italy,2000,1.2495171
Italy,2002,1.7487727
Italy,2003,0.8816184
Italy,2004,0.79068196
Italy,2005,0.7962184
Italy,2006,0.7647415
Italy,2007,0.788204
Italy,2008,0.85260284
Italy,2009,1.079074
Italy,2010,1.4104555
Italy,2011,1.264796
Italy,2012,1.4115522
Italy,2013,1.6131835
Italy,2014,1.4488131
Italy,2015,2.0502882
Italy,2016,1.7778952
Italy,2017,1.5411754
Italy,2018,1.7016388
Italy,2019,1.0350133
Italy,2020,0.87642205
Italy,2021,0.8676234
Italy,2022,0.6849133
Italy,2023,0.9272269
Jamaica,1988,13.764999
Jamaica,1990,11.632737
Jamaica,1993,20.54
Jamaica,1996,8.283077
Jamaica,1999,5.721439
Jamaica,2002,6.4090004
Jamaica,2004,4.5406995
Jamaica,2018,0.42488948
Jamaica,2021,1.3869244
Japan,2008,0.98586017
Japan,2009,0.85564184
Japan,2010,0.6889292
Japan,2011,0.47798735
Japan,2012,1.4977019
Japan,2013,0.95947933
Japan,2014,0.74329245
Japan,2015,0.4030491
Japan,2016,0.734843
Japan,2017,0.6282901
Japan,2018,0.98264766
Japan,2019,1.2214445
Japan,2020,1.2131146
Jordan,1986,0
Jordan,1992,1.1370001
Jordan,1997,0
Jordan,2002,1.0321078
Jordan,2006,0.28905168
Jordan,2008,0.11823338
Jordan,2010,0.10412249
Kazakhstan,1993,14.643
Kazakhstan,1996,14.617469
Kazakhstan,2001,20.678347
Kazakhstan,2002,16.203836
Kazakhstan,2003,12.265744
Kazakhstan,2004,7.555721
Kazakhstan,2005,14.564739
Kazakhstan,2006,2.384845
Kazakhstan,2007,1.0521824
Kazakhstan,2008,0.78734446
Kazakhstan,2009,0.7766428
Kazakhstan,2010,0.52208316
Kazakhstan,2011,0.23234968
Kazakhstan,2012,0.14608309
Kazakhstan,2013,0.07501505
Kazakhstan,2014,0.06996662
Kazakhstan,2015,0.104934536
Kazakhstan,2016,0.16936122
Kazakhstan,2017,0.115472324
Kazakhstan,2018,0.061130203
Kazakhstan,2019,0.07967438
Kazakhstan,2020,0.03744455
Kazakhstan,2021,0.040175647
Kenya,1992,32.037
Kenya,1994,31.994888
Kenya,1997,32.578094
Kenya,2005,44.55765
Kenya,2015,37.65191
Kenya,2020,44.427715
Kenya,2021,46.44985
Kenya,2022,46.879227
Kiribati,2006,21.281157
Kiribati,2019,6.133309
Kosovo,2017,15.215641
Kosovo,2018,20.710169
Kosovo,2019,11.31482
Kosovo,2020,16.780807
Kosovo,2021,24.980827
Kosovo,2022,9.97881
Kyrgyzstan,2000,66.172775
Kyrgyzstan,2001,61.51019
Kyrgyzstan,2002,58.1177
Kyrgyzstan,2003,56.637722
Kyrgyzstan,2004,32.539616
Kyrgyzstan,2005,36.573135
Kyrgyzstan,2006,26.003239
Kyrgyzstan,2007,23.345211
Kyrgyzstan,2008,13.812393
Kyrgyzstan,2009,9.814832
Kyrgyzstan,2010,12.600289
Kyrgyzstan,2011,9.347807
Kyrgyzstan,2012,10.505858
Kyrgyzstan,2013,13.473587
Kyrgyzstan,2014,8.060649
Kyrgyzstan,2015,10.98986
Kyrgyzstan,2016,7.9727
Kyrgyzstan,2017,8.19376
Kyrgyzstan,2018,5.908497
Kyrgyzstan,2019,4.9197154
Kyrgyzstan,2020,9.384729
Kyrgyzstan,2021,5.6484838
Kyrgyzstan,2022,4.5493064
Kyrgyzstan,2023,2.7435172
Laos,1992,42.14055
Laos,1997,61.9856
Laos,2002,43.132645
Laos,2007,35.953148
Laos,2012,21.70639
Laos,2018,15.656701
Latin America and Caribbean (WB),1981,19.934782
Latin America and Caribbean (WB),1982,20.629938
Latin America and Caribbean (WB),1983,23.75357
Latin America and Caribbean (WB),1984,23.399378
Latin America and Caribbean (WB),1985,21.81516
Latin America and Caribbean (WB),1986,16.635355
Latin America and Caribbean (WB),1987,19.467081
Latin America and Caribbean (WB),1988,19.980309
Latin America and Caribbean (WB),1989,19.244566
Latin America and Caribbean (WB),1990,20.719427
Latin America and Caribbean (WB),1991,20.065588
Latin America and Caribbean (WB),1992,20.192389
Latin America and Caribbean (WB),1993,20.143118
Latin America and Caribbean (WB),1994,19.46443
Latin America and Caribbean (WB),1995,18.53029
Latin America and Caribbean (WB),1996,19.877686
Latin America and Caribbean (WB),1997,19.431595
Latin America and Caribbean (WB),1998,19.179075
Latin America and Caribbean (WB),1999,19.46047
Latin America and Caribbean (WB),2000,18.099936
Latin America and Caribbean (WB),2001,17.894844
Latin America and Caribbean (WB),2002,17.10258
Latin America and Caribbean (WB),2003,16.574434
Latin America and Caribbean (WB),2004,15.279134
Latin America and Caribbean (WB),2005,14.234386
Latin America and Caribbean (WB),2006,12.007374
Latin America and Caribbean (WB),2007,10.79278
Latin America and Caribbean (WB),2008,9.925943
Latin America and Caribbean (WB),2009,9.506071
Latin America and Caribbean (WB),2010,8.462659
Latin America and Caribbean (WB),2011,7.722188
Latin America and Caribbean (WB),2012,7.3707156
Latin America and Caribbean (WB),2013,6.6919384
Latin America and Caribbean (WB),2014,6.3307858
Latin America and Caribbean (WB),2015,5.8829627
Latin America and Caribbean (WB),2016,6.05313
Latin America and Caribbean (WB),2017,5.98346
Latin America and Caribbean (WB),2018,5.899038
Latin America and Caribbean (WB),2019,5.9832773
Latin America and Caribbean (WB),2020,5.641808
Latin America and Caribbean (WB),2021,6.251707
Latin America and Caribbean (WB),2022,5.0453486
Latin America and Caribbean (WB),2023,4.6024394
Latin America and Caribbean (WB),2024,4.473497
Latin America and Caribbean (WB),2025,4.4180374
Latvia,1993,0
Latvia,1995,2.1539998
Latvia,1996,3.773
Latvia,2004,3.6543481
Latvia,2005,3.1104355
Latvia,2006,1.9456052
Latvia,2007,0.8321031
Latvia,2008,1.5865339
Latvia,2009,2.598577
Latvia,2010,2.5962992
Latvia,2011,1.6572233
Latvia,2012,1.438863
Latvia,2013,1.5389973
Latvia,2014,1.1159605
Latvia,2015,1.0333017
Latvia,2016,0.961231
Latvia,2017,0.9826289
Latvia,2018,0.5591618
Latvia,2019,0.33747858
Latvia,2020,0.5121097
Latvia,2021,0.49065453
Latvia,2022,0.4241415
Latvia,2023,0.44409683
Lebanon,2011,0.06112976
Lebanon,2022,5.8941355
Lesotho,1986,62.817
Lesotho,1994,59.564358
Lesotho,2002,74.85839
Lesotho,2017,41.85849
Liberia,2007,61.070133
Liberia,2014,31.745
Liberia,2016,33.558933
Lithuania,1993,14.27
Lithuania,2004,3.9777973
Lithuania,2005,2.7466924
Lithuania,2006,1.8495289
Lithuania,2007,1.6015067
Lithuania,2008,1.8110504
Lithuania,2009,2.7226112
Lithuania,2010,1.9838555
Lithuania,2011,0.8902583
Lithuania,2012,1.0501388
Lithuania,2013,1.1997247
Lithuania,2014,1.7161509
Lithuania,2015,1.0457231
Lithuania,2016,1.4791508
Lithuania,2017,1.1671779
Lithuania,2018,0.9812001
Lithuania,2019,0.6033842
Lithuania,2020,0.47280848
Lithuania,2021,0.3185262
Lithuania,2022,0.8017552
Lithuania,2023,1.097914
Luxembourg,1985,0
Luxembourg,1986,0
Luxembourg,1987,0
Luxembourg,1988,0
Luxembourg,1989,0
Luxembourg,1990,0
Luxembourg,1991,0
Luxembourg,1992,0
Luxembourg,1993,0
Luxembourg,1994,0
Luxembourg,1995,0
Luxembourg,1996,0
Luxembourg,1997,0
Luxembourg,1998,0
Luxembourg,1999,0
Luxembourg,2000,0
Luxembourg,2001,0
Luxembourg,2002,0
Luxembourg,2003,0.07174669
Luxembourg,2004,0.018192332
Luxembourg,2005,0.041248802
Luxembourg,2006,0.0037305127
Luxembourg,2007,0.021916224
Luxembourg,2008,0
Luxembourg,2009,0.047761887
Luxembourg,2010,0.032836415
Luxembourg,2011,0.13791868
Luxembourg,2012,0.043618947
Luxembourg,2013,0.08910331
Luxembourg,2014,0.16038653
Luxembourg,2015,0.30987334
Luxembourg,2016,0.11721951
Luxembourg,2017,0.2910417
Luxembourg,2018,0.3040011
Luxembourg,2019,0.101187475
Luxembourg,2020,0
Luxembourg,2021,0.08239361
Luxembourg,2022,0.104373276
Luxembourg,2023,0.085137635
Madagascar,1980,61.729996
Madagascar,1993,83.05916
Madagascar,1997,80.66997
Madagascar,1999,78.52082
Madagascar,2001,57.460075
Madagascar,2005,55.31215
Madagascar,2010,65.2948
Madagascar,2012,67.31981
Madagascar,2021,69.17264
Malawi,1997,64.56103
Malawi,2004,74.3958
Malawi,2010,72.88592
Malawi,2016,71.65249
Malawi,2019,75.43822
Malaysia,1984,6.656
Malaysia,1987,5.856
Malaysia,1989,4.939
Malaysia,1992,5.0039997
Malaysia,1995,5.233
Malaysia,1997,1.7139999
Malaysia,2003,3.1729221
Malaysia,2006,1.6615138
Malaysia,2008,1.4825598
Malaysia,2011,0.368172
Malaysia,2013,0.10867212
Malaysia,2015,0.052294817
Malaysia,2018,0.030152557
Malaysia,2021,0.013082942
Maldives,2002,18.79671
Maldives,2009,13.108317
Maldives,2016,0.08725211
Maldives,2019,0
Mali,1994,89.35871
Mali,2001,68.55167
Mali,2006,63.975864
Mali,2009,63.340454
Mali,2018,29.382442
Mali,2021,36.103077
Malta,2006,0.5492243
Malta,2007,0.52754146
Malta,2008,0.17917502
Malta,2009,0.479163
Malta,2010,0.25858596
Malta,2011,0.20960367
Malta,2012,0.18709469
Malta,2013,0.029666146
Malta,2014,0
Malta,2015,0.08437797
Malta,2016,0.11352592
Malta,2017,0.16486418
Malta,2018,0.15923339
Malta,2019,0.30468178
Malta,2020,0.3938395
Malta,2021,0.12168417
Malta,2022,0.110051446
Marshall Islands,2019,2.1009586
Mauritania,1987,50.781
Mauritania,1993,54.136
Mauritania,1995,31.71392
Mauritania,2000,30.671555
Mauritania,2004,28.480661
Mauritania,2008,19.2437
Mauritania,2014,11.705705
Mauritania,2019,10.221504
Mauritius,2006,1.1172141
Mauritius,2012,1.0737178
Mauritius,2017,0.5401916
Mexico,1984,14.954573
Mexico,1989,14.774685
Mexico,1992,13.32123
Mexico,1994,13.647697
Mexico,1996,21.694376
Mexico,1998,21.89234
Mexico,2000,16.34603
Mexico,2002,12.804623
Mexico,2004,11.048237
Mexico,2005,11.661191
Mexico,2006,9.043004
Mexico,2008,10.083378
Mexico,2010,8.409082
Mexico,2012,7.291141
Mexico,2014,7.1985235
Mexico,2016,4.436893
Mexico,2018,3.8940403
Mexico,2020,4.256035
Mexico,2022,2.3303962
Micronesia (country),2005,15.75229
Micronesia (country),2013,26.14708
Micronesia (country) (urban),2000,50.583076
"Middle East, North Africa, Afghanistan and Pakistan (WB)",1981,38.192566
"Middle East, North Africa, Afghanistan and Pakistan (WB)",1982,37.543396
"Middle East, North Africa, Afghanistan and Pakistan (WB)",1983,36.844494
"Middle East, North Africa, Afghanistan and Pakistan (WB)",1984,36.21394
"Middle East, North Africa, Afghanistan and Pakistan (WB)",1985,35.724777
"Middle East, North Africa, Afghanistan and Pakistan (WB)",1986,35.499474
"Middle East, North Africa, Afghanistan and Pakistan (WB)",1987,35.564194
"Middle East, North Africa, Afghanistan and Pakistan (WB)",1988,35.080605
"Middle East, North Africa, Afghanistan and Pakistan (WB)",1989,34.949932
"Middle East, North Africa, Afghanistan and Pakistan (WB)",1990,34.243412
"Middle East, North Africa, Afghanistan and Pakistan (WB)",1991,31.981255
"Middle East, North Africa, Afghanistan and Pakistan (WB)",1992,28.206959
"Middle East, North Africa, Afghanistan and Pakistan (WB)",1993,28.325155
"Middle East, North Africa, Afghanistan and Pakistan (WB)",1994,25.71691
"Middle East, North Africa, Afghanistan and Pakistan (WB)",1995,25.336262
"Middle East, North Africa, Afghanistan and Pakistan (WB)",1996,23.087696
"Middle East, North Africa, Afghanistan and Pakistan (WB)",1997,22.702164
"Middle East, North Africa, Afghanistan and Pakistan (WB)",1998,23.12944
"Middle East, North Africa, Afghanistan and Pakistan (WB)",1999,23.36792
"Middle East, North Africa, Afghanistan and Pakistan (WB)",2000,23.828432
"Middle East, North Africa, Afghanistan and Pakistan (WB)",2001,24.576763
"Middle East, North Africa, Afghanistan and Pakistan (WB)",2002,24.134737
"Middle East, North Africa, Afghanistan and Pakistan (WB)",2003,22.185087
"Middle East, North Africa, Afghanistan and Pakistan (WB)",2004,19.880384
"Middle East, North Africa, Afghanistan and Pakistan (WB)",2005,18.774157
"Middle East, North Africa, Afghanistan and Pakistan (WB)",2006,17.576649
"Middle East, North Africa, Afghanistan and Pakistan (WB)",2007,16.670933
"Middle East, North Africa, Afghanistan and Pakistan (WB)",2008,14.645377
"Middle East, North Africa, Afghanistan and Pakistan (WB)",2009,15.19991
"Middle East, North Africa, Afghanistan and Pakistan (WB)",2010,13.340643
"Middle East, North Africa, Afghanistan and Pakistan (WB)",2011,12.956366
"Middle East, North Africa, Afghanistan and Pakistan (WB)",2012,12.270913
"Middle East, North Africa, Afghanistan and Pakistan (WB)",2013,11.603502
"Middle East, North Africa, Afghanistan and Pakistan (WB)",2014,11.462889
"Middle East, North Africa, Afghanistan and Pakistan (WB)",2015,11.304116
"Middle East, North Africa, Afghanistan and Pakistan (WB)",2016,11.297638
"Middle East, North Africa, Afghanistan and Pakistan (WB)",2017,11.040857
"Middle East, North Africa, Afghanistan and Pakistan (WB)",2018,11.0402775
"Middle East, North Africa, Afghanistan and Pakistan (WB)",2019,11.40134
"Middle East, North Africa, Afghanistan and Pakistan (WB)",2020,12.053812
"Middle East, North Africa, Afghanistan and Pakistan (WB)",2021,12.011555
"Middle East, North Africa, Afghanistan and Pakistan (WB)",2022,11.628828
"Middle East, North Africa, Afghanistan and Pakistan (WB)",2023,11.591269
"Middle East, North Africa, Afghanistan and Pakistan (WB)",2024,11.792781
"Middle East, North Africa, Afghanistan and Pakistan (WB)",2025,11.757192
Moldova,1997,19.097189
Moldova,1998,31.90572
Moldova,1999,43.974964
Moldova,2000,40.99764
Moldova,2001,32.1912
Moldova,2002,19.929548
Moldova,2003,10.031996
Moldova,2004,11.552186
Moldova,2005,16.580664
Moldova,2006,3.4036539
Moldova,2007,1.5820829
Moldova,2008,1.6971195
Moldova,2009,1.4702772
Moldova,2010,0.8351476
Moldova,2011,0.4649463
Moldova,2012,0.5213617
Moldova,2013,0.147605
Moldova,2014,0.0049855867
Moldova,2015,0.054945137
Moldova,2016,0.16489004
Moldova,2017,0.061244413
Moldova,2018,0.018238723
Moldova,2019,0.02864514
Moldova,2020,0.01607856
Moldova,2021,0.16464782
Moldova,2022,0.039553065
Moldova,2023,0.1292224
Mongolia,1995,22.109001
Mongolia,1998,39.663
Mongolia,2002,18.672544
Mongolia,2007,4.0001597
Mongolia,2010,3.49406
Mongolia,2011,2.1910548
Mongolia,2012,1.0826794
Mongolia,2014,0.780601
Mongolia,2016,1.9383699
Mongolia,2018,1.6911339
Mongolia,2022,0.4398251
Montenegro,2012,5.601729
Montenegro,2013,5.1655703
Montenegro,2014,3.860695
Montenegro,2015,3.6147053
Montenegro,2016,3.317847
Montenegro,2017,4.6466627
Montenegro,2018,3.9086416
Montenegro,2019,2.4932585
Montenegro,2020,2.243258
Montenegro,2021,2.493799
Morocco,1984,22.367
Morocco,1990,11.247625
Morocco,1998,17.49383
Morocco,2000,16.794083
Morocco,2006,9.374068
Morocco,2013,3.675868
Mozambique,1996,87.6932
Mozambique,2002,87.56608
Mozambique,2008,81.12763
Mozambique,2014,74.3878
Mozambique,2019,81.63159
Mozambique,2022,81.361374
Myanmar,2015,18.2407
Myanmar,2017,10.266229
Namibia,1993,60.281002
Namibia,2003,47.60913
Namibia,2009,38.590122
Namibia,2015,22.863062
Nauru,2012,9.718575
Nepal,1984,82.748
Nepal,1995,70.7459
Nepal,2003,55.676235
Nepal,2010,21.504414
Nepal,2022,2.4363146
Netherlands,1983,0.74882627
Netherlands,1987,0.45157698
Netherlands,1990,1.2011951
Netherlands,1993,1.4749866
Netherlands,1999,0.20289831
Netherlands,2004,0.34075838
Netherlands,2005,0.14832005
Netherlands,2006,0.045792855
Netherlands,2007,0.02863133
Netherlands,2008,0.17444691
Netherlands,2009,0.22817014
Netherlands,2010,0.047438905
Netherlands,2011,0.13945085
Netherlands,2012,0.07584219
Netherlands,2013,0.09081408
Netherlands,2014,0.1491275
Netherlands,2015,0.0682569
Netherlands,2016,0.057693757
Netherlands,2017,0.20608893
Netherlands,2018,0.11213846
Netherlands,2019,0.0957287
Netherlands,2020,0.040797565
Netherlands,2021,0.09726311
Nicaragua,1993,47.135868
Nicaragua,1998,34.746284
Nicaragua,2001,26.310057
Nicaragua,2005,16.497967
Nicaragua,2009,13.9141035
Nicaragua,2014,6.570378
Niger,1992,88.037
Niger,1994,88.91248
Niger,2005,83.848526
Niger,2007,82.92745
Niger,2011,68.840935
Niger,2014,60.30375
Niger,2018,59.0125
Niger,2021,60.48987
Nigeria,1985,51.055996
Nigeria,1992,55.165226
Nigeria,1996,60.907913
Nigeria,2003,51.09696
Nigeria,2010,38.485058
Nigeria,2012,37.443413
Nigeria,2015,35.766582
Nigeria,2018,34.192905
Nigeria,2022,41.81955
North America (WB),1981,0.5121077
North America (WB),1982,0.6393819
North America (WB),1983,0.5965199
North America (WB),1984,0.5248726
North America (WB),1985,0.52224433
North America (WB),1986,0.56410205
North America (WB),1987,0.46138376
North America (WB),1988,0.4086825
North America (WB),1989,0.46203238
North America (WB),1990,0.47231534
North America (WB),1991,0.5202352
North America (WB),1992,0.51431835
North America (WB),1993,0.579024
North America (WB),1994,0.6012262
North America (WB),1995,0.56678605
North America (WB),1996,0.5432039
North America (WB),1997,0.59880555
North America (WB),1998,0.68988234
North America (WB),1999,0.5883594
North America (WB),2000,0.60819614
North America (WB),2001,0.75849694
North America (WB),2002,0.7094034
North America (WB),2003,0.8410803
North America (WB),2004,0.8676295
North America (WB),2005,0.85400987
North America (WB),2006,0.85954785
North America (WB),2007,0.8336345
North America (WB),2008,0.902043
North America (WB),2009,0.79773235
North America (WB),2010,0.9321858
North America (WB),2011,0.88949007
North America (WB),2012,0.89679724
North America (WB),2013,0.9050225
North America (WB),2014,1.0964029
North America (WB),2015,1.0239276
North America (WB),2016,0.9751881
North America (WB),2017,1.0752505
North America (WB),2018,0.9187902
North America (WB),2019,0.82275987
North America (WB),2020,0.25563368
North America (WB),2021,0.23137525
North America (WB),2022,1.113182
North America (WB),2023,1.0036885
North America (WB),2024,0.9972453
North America (WB),2025,0.9924528
North Macedonia,2009,12.120989
North Macedonia,2010,12.81778
North Macedonia,2011,10.932924
North Macedonia,2012,9.110047
North Macedonia,2013,7.3808966
North Macedonia,2014,6.444037
North Macedonia,2015,7.0044913
North Macedonia,2016,5.6886806
North Macedonia,2017,5.6397276
North Macedonia,2018,4.279975
North Macedonia,2019,3.9403512
Norway,1979,0.22752123
Norway,1986,0.24487592
Norway,1991,0.47524884
Norway,1995,0.4910345
Norway,2000,0.23508184
Norway,2003,0.21880373
Norway,2004,0.29486296
Norway,2005,0.21207234
Norway,2006,0.16450223
Norway,2007,0.15434334
Norway,2008,0.24015102
Norway,2009,0.086947724
Norway,2010,0.15098813
Norway,2011,0.12849998
Norway,2012,0.1271743
Norway,2013,0.16490208
Norway,2014,0.11292123
Norway,2015,0.17004924
Norway,2016,0.28067333
Norway,2017,0.29165247
Norway,2018,0.28180093
Norway,2019,0.19042723
Norway,2020,0.29495806
Norway,2021,0.17024024
Norway,2022,0.29465964
Norway,2023,0.19705932
Pakistan,1987,80.62594
Pakistan,1990,79.46474
Pakistan,1996,45.318882
Pakistan,1998,50.284134
Pakistan,2001,56.245186
Pakistan,2004,40.866104
Pakistan,2005,40.80809
Pakistan,2007,34.867947
Pakistan,2010,26.655596
Pakistan,2011,25.933521
Pakistan,2013,21.246376
Pakistan,2015,16.911457
Pakistan,2018,16.51617
Palestine,2004,1.7528541
Palestine,2005,1.2593001
Palestine,2006,0.47396934
Palestine,2007,2.92732
Palestine,2009,0.6099957
Palestine,2010,0.6476695
Palestine,2011,0.3743927
Palestine,2016,1.3776547
Palestine,2023,2.0733128
Panama,1979,15.648
Panama,1989,29.772516
Panama,1991,27.123123
Panama,1995,21.116676
Panama,1997,19.907797
Panama,1998,19.76904
Panama,1999,17.71558
Panama,2000,16.345102
Panama,2001,20.784203
Panama,2002,17.210354
Panama,2003,16.796629
Panama,2004,15.543671
Panama,2005,14.542024
Panama,2006,15.718889
Panama,2007,12.972149
Panama,2008,9.001661
Panama,2009,6.6456666
Panama,2010,7.658606
Panama,2011,6.0812225
Panama,2012,7.438282
Panama,2013,5.9178905
Panama,2014,6.379958
Panama,2015,4.7844744
Panama,2016,4.798022
Panama,2017,4.276578
Panama,2018,3.746503
Panama,2019,2.9157352
Panama,2021,3.3005018
Panama,2023,3.73237
Panama,2024,3.1258318
Papua New Guinea,1996,62.80415
Papua New Guinea,2009,52.21029
Paraguay,1990,2.5467465
Paraguay,1995,18.304663
Paraguay,1997,14.908438
Paraguay,1999,15.035844
Paraguay,2001,13.470457
Paraguay,2002,19.587046
Paraguay,2003,13.827893
Paraguay,2004,10.718931
Paraguay,2005,10.052331
Paraguay,2006,14.076844
Paraguay,2007,12.561173
Paraguay,2008,7.9131575
Paraguay,2009,9.129017
Paraguay,2010,9.382184
Paraguay,2011,8.943326
Paraguay,2012,6.437838
Paraguay,2013,4.1128507
Paraguay,2014,4.26679
Paraguay,2015,4.2111597
Paraguay,2016,4.169227
Paraguay,2017,2.375072
Paraguay,2018,3.0729103
Paraguay,2019,2.4438963
Paraguay,2020,2.5551214
Paraguay,2021,1.8594977
Paraguay,2022,3.232262
Paraguay,2023,2.3929317
Paraguay,2024,2.1053329
Peru,1997,26.86456
Peru,1998,25.714159
Peru,1999,26.29624
Peru,2000,25.541615
Peru,2001,27.397076
Peru,2002,24.392582
Peru,2003,22.456728
Peru,2004,23.548195
Peru,2005,25.375208
Peru,2006,21.847258
Peru,2007,18.893312
Peru,2008,15.808908
Peru,2009,13.673301
Peru,2010,11.2005625
Peru,2011,10.339926
Peru,2012,9.527239
Peru,2013,8.616563
Peru,2014,7.9933114
Peru,2015,7.958062
Peru,2016,7.469328
Peru,2017,7.314062
Peru,2018,6.07525
Peru,2019,5.419252
Peru,2020,10.308157
Peru,2021,5.1898446
Peru,2022,4.840824
Peru,2023,5.878739
Peru,2024,5.140564
Philippines,1985,43.339
Philippines,1988,40.999447
Philippines,1991,40.636
Philippines,1994,38.753
Philippines,1997,30.72833
Philippines,2000,28.786373
Philippines,2003,26.257301
Philippines,2006,27.857786
Philippines,2009,23.438253
Philippines,2012,24.937525
Philippines,2015,18.93885
Philippines,2018,13.40988
Philippines,2021,15.6957445
Philippines,2023,11.531733
Poland,1985,0
Poland,1986,0.4912137
Poland,1987,0
Poland,1989,0
Poland,1992,0.22361158
Poland,1995,2.4977705
Poland,1999,0.9951282
Poland,2004,2.8489118
Poland,2005,1.3787447
Poland,2006,0.9311711
Poland,2007,0.58085483
Poland,2008,0.32259944
Poland,2009,0.5511034
Poland,2010,0.57078034
Poland,2011,0.5596259
Poland,2012,0.42736632
Poland,2013,0.5683811
Poland,2014,0.5662562
Poland,2015,0.52365065
Poland,2016,0.3610555
Poland,2017,0.42318353
Poland,2018,0.30601275
Poland,2019,0.10246086
Poland,2020,0.1890685
Poland,2021,0.11429503
Poland,2022,0.3239149
Poland,2023,0.24412745
Portugal,2003,1.0826147
Portugal,2004,0.6648847
Portugal,2005,0.7043592
Portugal,2006,0.17538972
Portugal,2007,0.6144972
Portugal,2008,0.34787798
Portugal,2009,0.170344
Portugal,2010,0.21967499
Portugal,2011,0.62357557
Portugal,2012,0.8823911
Portugal,2013,1.0437044
Portugal,2014,0.77669626
Portugal,2015,0.7302582
Portugal,2016,0.41006288
Portugal,2017,0.44082943
Portugal,2018,0.3823886
Portugal,2019,0.18491471
Portugal,2020,0.6367835
Portugal,2021,0.3274342
Portugal,2022,0.22474506
Portugal,2023,0.41326326
Qatar,2017,0
Romania,1989,0
Romania,1992,0
Romania,1994,18.412
Romania,1995,3.496788
Romania,1997,4.2488422
Romania,2006,11.075025
Romania,2007,8.143267
Romania,2008,6.045683
Romania,2009,5.3453255
Romania,2010,6.291244
Romania,2011,7.1170635
Romania,2012,8.368191
Romania,2013,8.744313
Romania,2014,8.885923
Romania,2015,7.5997443
Romania,2016,5.222363
Romania,2017,4.8952637
Romania,2018,3.7382538
Romania,2019,3.0924563
Romania,2020,2.4292545
Romania,2021,2.0289817
Romania,2022,1.4528089
Romania,2023,0.70015216
Russia,1993,6.221
Russia,1996,7.126
Russia,1997,2.7285583
Russia,1998,3.9994066
Russia,1999,7.218096
Russia,2000,5.125544
Russia,2001,3.1842058
Russia,2002,2.0334957
Russia,2003,2.1288028
Russia,2004,1.8141247
Russia,2005,1.4150336
Russia,2006,0.9109315
Russia,2007,0.44557235
Russia,2008,0.18337552
Russia,2009,0.16066284
Russia,2010,0.19229263
Russia,2011,0.09720118
Russia,2012,0.09354452
Russia,2013,0.05873444
Russia,2014,0.05469239
Russia,2015,0.08843382
Russia,2016,0.06396301
Russia,2017,0.101174474
Russia,2018,0.09523157
Russia,2019,0.07635302
Russia,2020,0.041680403
Rwanda,2000,82.31383
Rwanda,2005,74.160614
Rwanda,2010,70.16232
Rwanda,2013,65.241
Rwanda,2016,63.843815
Rwanda,2023,38.55049
Rwanda (rural),1984,73.525
Saint Lucia,1995,41.524
Saint Lucia,2015,6.40365
Samoa,2002,5.88809
Samoa,2008,3.7428565
Samoa,2013,4.458564
Sao Tome and Principe,2000,17.27676
Sao Tome and Principe,2010,18.949749
Sao Tome and Principe,2017,13.006117
Senegal,1991,77.326
Senegal,1994,72.205
Senegal,2001,63.895477
Senegal,2005,53.572227
Senegal,2011,53.287525
Senegal,2018,19.149698
Senegal,2021,17.887472
Serbia,2012,7.1459503
Serbia,2013,7.834584
Serbia,2014,8.878855
Serbia,2015,8.409902
Serbia,2016,8.09296
Serbia,2017,6.6460147
Serbia,2018,4.1540093
Serbia,2019,2.7242732
Serbia,2020,2.0365922
Serbia,2021,1.6963208
Serbia,2022,2.039072
Seychelles,1999,1.7591751
Seychelles,2006,0.6121244
Seychelles,2013,1.5764601
Seychelles,2018,0.6736329
Sierra Leone,2003,72.354355
Sierra Leone,2011,53.69758
Sierra Leone,2018,41.4852
Slovakia,1992,0
Slovakia,1996,1.746478
Slovakia,2004,0.20227428
Slovakia,2005,0.25429624
Slovakia,2006,0.32030517
Slovakia,2007,0.5687791
Slovakia,2008,0.5168623
Slovakia,2009,0.609363
Slovakia,2010,0.5963418
Slovakia,2011,0.60573095
Slovakia,2012,0.5045851
Slovakia,2013,0.4396974
Slovakia,2014,0.88939935
Slovakia,2015,0.7978781
Slovakia,2016,1.5438128
Slovakia,2017,0.57615745
Slovakia,2018,0.5082215
Slovakia,2019,0.2315894
Slovakia,2020,0.2950257
Slovakia,2021,0.34402588
Slovakia,2022,0.6956504
Slovakia,2023,0.45213726
Slovenia,1987,0
Slovenia,1993,0
Slovenia,1997,0.23149629
Slovenia,1999,0.24720712
Slovenia,2004,0.11315412
Slovenia,2005,0.12446742
Slovenia,2006,0.07895565
Slovenia,2007,0.03538162
Slovenia,2008,0
Slovenia,2009,0.016037244
Slovenia,2010,0.009157744
Slovenia,2011,0
Slovenia,2012,0.026254445
Slovenia,2013,0.021756856
Slovenia,2014,0
Slovenia,2015,0.004852958
Slovenia,2016,0
Slovenia,2017,0
Slovenia,2018,0
Slovenia,2019,0
Slovenia,2020,0
Slovenia,2021,0
Slovenia,2022,0
Slovenia,2023,0
Solomon Islands,2005,62.187363
Solomon Islands,2012,40.301487
South Africa,1993,44.618
South Africa,2000,47.91
South Africa,2005,42.112843
South Africa,2008,30.27811
South Africa,2010,29.539618
South Africa,2014,31.210604
South Asia (WB),1981,55.897434
South Asia (WB),1982,54.231174
South Asia (WB),1983,50.86134
South Asia (WB),1984,50.74214
South Asia (WB),1985,50.601814
South Asia (WB),1986,50.727547
South Asia (WB),1987,51.2766
South Asia (WB),1988,51.133507
South Asia (WB),1989,50.402485
South Asia (WB),1990,49.672234
South Asia (WB),1991,49.629658
South Asia (WB),1992,48.935757
South Asia (WB),1993,48.126556
South Asia (WB),1994,47.439724
South Asia (WB),1995,47.106594
South Asia (WB),1996,46.788387
South Asia (WB),1997,46.723656
South Asia (WB),1998,46.63561
South Asia (WB),1999,46.264156
South Asia (WB),2000,46.097416
South Asia (WB),2001,46.02017
South Asia (WB),2002,45.971603
South Asia (WB),2003,45.581043
South Asia (WB),2004,44.982338
South Asia (WB),2005,43.341984
South Asia (WB),2006,40.71479
South Asia (WB),2007,38.104527
South Asia (WB),2008,36.83387
South Asia (WB),2009,34.603962
South Asia (WB),2010,30.393019
South Asia (WB),2011,27.545637
South Asia (WB),2012,25.229635
South Asia (WB),2013,22.782272
South Asia (WB),2014,20.026957
South Asia (WB),2015,17.126755
South Asia (WB),2016,14.368073
South Asia (WB),2017,11.946313
South Asia (WB),2018,9.9437275
South Asia (WB),2019,8.713225
South Asia (WB),2020,9.389874
South Asia (WB),2021,7.870147
South Asia (WB),2022,6.129092
South Asia (WB),2023,4.6760087
South Asia (WB),2024,3.7892082
South Asia (WB),2025,3.116581
South Korea,2006,0.49220115
South Korea,2008,0.47553793
South Korea,2010,0.4958997
South Korea,2012,0.49695614
South Korea,2014,0.23564287
South Korea,2016,0.24729006
South Korea,2017,0.24032742
South Korea,2018,0.24876693
South Korea,2019,0.24659541
South Korea,2020,0
South Korea,2021,0.24876492
South Sudan,2009,44.87714
South Sudan,2016,76.50265
Spain,1980,0.74512863
Spain,1985,0.45686838
Spain,1990,0.4944265
Spain,1993,1.4910034
Spain,1994,1.2453303
Spain,1995,1.4823424
Spain,1996,1.4911164
Spain,1997,0.9859978
Spain,1998,0.95270455
Spain,1999,0.720118
Spain,2000,0.91269135
Spain,2003,0.90824413
Spain,2004,1.0159495
Spain,2005,0.8567684
Spain,2006,0.8842268
Spain,2007,0.5590894
Spain,2008,0.55873156
Spain,2009,0.8649965
Spain,2010,0.74951375
Spain,2011,1.2902318
Spain,2012,1.0190789
Spain,2013,1.309105
Spain,2014,0.947536
Spain,2015,1.054392
Spain,2016,1.299179
Spain,2017,0.8333411
Spain,2018,0.9773518
Spain,2019,0.8941992
Spain,2020,1.0968449
Spain,2021,0.657791
Spain,2022,0.78522825
Spain,2023,0.8134084
Sri Lanka,1985,28.246998
Sri Lanka,1990,23.371597
Sri Lanka,1995,23.032215
Sri Lanka,2002,20.707987
Sri Lanka,2006,12.160678
Sri Lanka,2009,7.8060975
Sri Lanka,2012,6.3621187
Sri Lanka,2016,3.8126643
Sri Lanka,2019,2.705454
Sub-Saharan Africa (WB),1981,57.580376
Sub-Saharan Africa (WB),1982,58.45194
Sub-Saharan Africa (WB),1983,59.977966
Sub-Saharan Africa (WB),1984,60.74737
Sub-Saharan Africa (WB),1985,60.755188
Sub-Saharan Africa (WB),1986,60.637497
Sub-Saharan Africa (WB),1987,60.63631
Sub-Saharan Africa (WB),1988,60.73405
Sub-Saharan Africa (WB),1989,60.996597
Sub-Saharan Africa (WB),1990,61.523182
Sub-Saharan Africa (WB),1991,62.785328
Sub-Saharan Africa (WB),1992,63.863914
Sub-Saharan Africa (WB),1993,64.573906
Sub-Saharan Africa (WB),1994,64.65041
Sub-Saharan Africa (WB),1995,64.486984
Sub-Saharan Africa (WB),1996,63.908123
Sub-Saharan Africa (WB),1997,63.513844
Sub-Saharan Africa (WB),1998,63.463623
Sub-Saharan Africa (WB),1999,63.136883
Sub-Saharan Africa (WB),2000,62.471138
Sub-Saharan Africa (WB),2001,61.29949
Sub-Saharan Africa (WB),2002,60.913795
Sub-Saharan Africa (WB),2003,59.94336
Sub-Saharan Africa (WB),2004,57.04315
Sub-Saharan Africa (WB),2005,55.480545
Sub-Saharan Africa (WB),2006,53.97946
Sub-Saharan Africa (WB),2007,52.980347
Sub-Saharan Africa (WB),2008,51.621605
Sub-Saharan Africa (WB),2009,51.09729
Sub-Saharan Africa (WB),2010,49.4981
Sub-Saharan Africa (WB),2011,48.527336
Sub-Saharan Africa (WB),2012,47.34746
Sub-Saharan Africa (WB),2013,46.382847
Sub-Saharan Africa (WB),2014,45.720028
Sub-Saharan Africa (WB),2015,45.475243
Sub-Saharan Africa (WB),2016,45.330425
Sub-Saharan Africa (WB),2017,45.047176
Sub-Saharan Africa (WB),2018,44.6256
Sub-Saharan Africa (WB),2019,44.396004
Sub-Saharan Africa (WB),2020,46.394382
Sub-Saharan Africa (WB),2021,46.591618
Sub-Saharan Africa (WB),2022,46.370197
Sub-Saharan Africa (WB),2023,46.510788
Sub-Saharan Africa (WB),2024,45.986813
Sub-Saharan Africa (WB),2025,45.213844
Sudan,2009,13.089297
Sudan,2014,10.0999565
Suriname,2022,2.1780427
Suriname (urban),1999,20.602125
Sweden,1975,0.49898672
Sweden,1981,0.4988672
Sweden,1987,0.24625531
Sweden,1992,0.2435132
Sweden,1995,0.49998957
Sweden,2000,0.24956842
Sweden,2001,0.24867782
Sweden,2002,0
Sweden,2003,0.35364163
Sweden,2004,0.45437506
Sweden,2005,1.1382971
Sweden,2006,0.4128702
Sweden,2007,0.45739165
Sweden,2008,0.65907276
Sweden,2009,0.5270563
Sweden,2010,0.6387346
Sweden,2011,0.65806067
Sweden,2012,0.47474882
Sweden,2013,0.65087146
Sweden,2014,0.5263104
Sweden,2015,0.64919126
Sweden,2016,0.42260933
Sweden,2017,0.2654956
Sweden,2018,0.8583864
Sweden,2019,0.36009297
Sweden,2020,0.45124763
Sweden,2021,0.643469
Sweden,2022,1.2714953
Sweden,2023,0.8379481
Switzerland,1982,0.69740707
Switzerland,1992,0.7259761
Switzerland,2000,0.24089465
Switzerland,2002,0
Switzerland,2004,0.23885211
Switzerland,2006,0.076077275
Switzerland,2007,0.07089548
Switzerland,2008,0.07835182
Switzerland,2009,0.038057733
Switzerland,2010,0.07125038
Switzerland,2011,0.010514374
Switzerland,2012,0.008965495
Switzerland,2013,0.042183742
Switzerland,2014,0.032768063
Switzerland,2015,0.030542554
Switzerland,2016,0.04491901
Switzerland,2017,0.02182594
Switzerland,2018,0.035259385
Switzerland,2019,0.017386846
Switzerland,2020,0.07052665
Switzerland,2021,0.03814099
Switzerland,2022,0.20869467
Syria,1996,1.1609879
Syria,2003,0.45990673
Syria,2006,0
Syria,2009,0
Syria,2022,16.470306
Taiwan,1981,0.23778321
Taiwan,1986,0
Taiwan,1991,0
Taiwan,1995,0.49881068
Taiwan,1997,0
Taiwan,2000,0
Taiwan,2005,0
Taiwan,2007,0
Taiwan,2010,0.24100542
Taiwan,2013,0.24921232
Taiwan,2016,0
Taiwan,2017,0
Taiwan,2018,0
Taiwan,2019,0
Taiwan,2020,0
Taiwan,2021,0
Tajikistan,1999,79.43606
Tajikistan,2003,56.009247
Tajikistan,2004,37.15609
Tajikistan,2007,24.190775
Tajikistan,2009,15.707685
Tajikistan,2015,13.330254
Tajikistan,2021,9.067149
Tajikistan,2022,8.852836
Tajikistan,2023,7.291276
Tajikistan,2024,6.1335406
Tanzania,1991,73.4562
Tanzania,2000,86.93736
Tanzania,2007,61.875175
Tanzania,2011,51.53245
Tanzania,2018,51.346867
Thailand,1981,30.998999
Thailand,1988,26.706999
Thailand,1990,21.051672
Thailand,1992,16.214731
Thailand,1994,9.249987
Thailand,1996,6.424815
Thailand,1998,5.7169533
Thailand,1999,8.32063
Thailand,2000,8.432363
Thailand,2002,4.658517
Thailand,2004,3.0930886
Thailand,2006,2.219008
Thailand,2007,1.2836678
Thailand,2008,0.9915566
Thailand,2009,0.7856127
Thailand,2010,0.7086167
Thailand,2011,0.30310607
Thailand,2012,0.38783246
Thailand,2013,0.21261503
Thailand,2014,0.2288203
Thailand,2015,0.1318818
Thailand,2016,0.13783772
Thailand,2017,0.10010591
Thailand,2018,0.10643604
Thailand,2019,0.13463362
Thailand,2020,0.06304341
Thailand,2021,0.028600827
Thailand,2022,0.020269364
Thailand,2023,0.004842255
Togo,2006,67.22244
Togo,2011,65.21277
Togo,2015,61.46559
Togo,2018,35.125595
Togo,2021,34.418003
Tonga,2000,4.5745196
Tonga,2009,3.6400874
Tonga,2015,3.9901593
Tonga,2021,0.40881905
Trinidad and Tobago,1988,0.58599997
Trinidad and Tobago,1992,3.238
Tunisia,1985,21.607
Tunisia,1990,16.295
Tunisia,1995,17.357
Tunisia,2000,10.512
Tunisia,2005,5.9001074
Tunisia,2010,3.1289332
Tunisia,2015,0.6576977
Tunisia,2021,0.6540434
Turkey,1987,9.014999
Turkey,1994,10.052
Turkey,2002,7.626911
Turkey,2003,10.018395
Turkey,2004,6.5839424
Turkey,2005,6.5420976
Turkey,2006,4.8248677
Turkey,2007,3.9673734
Turkey,2008,3.2701719
Turkey,2009,2.9779794
Turkey,2010,2.813836
Turkey,2011,1.9965069
Turkey,2012,1.7021613
Turkey,2013,1.5183681
Turkey,2014,1.0181623
Turkey,2015,1.3328121
Turkey,2016,0.8960857
Turkey,2017,1.1253557
Turkey,2018,0.99603695
Turkey,2019,1.2772818
Turkey,2020,1.1410935
Turkey,2021,0.9449698
Turkey,2022,0.5295797
Turkmenistan,1998,35.07586
Tuvalu,2010,8.9907875
Uganda,1989,72.77
Uganda,1992,79.88793
Uganda,1996,78.5472
Uganda,1999,80.60729
Uganda,2002,78.57561
Uganda,2005,72.403595
Uganda,2009,63.549877
Uganda,2012,56.162113
Uganda,2016,60.105316
Uganda,2019,59.784378
Ukraine,1992,8.074187
Ukraine,1993,5.1116376
Ukraine,1995,14.498
Ukraine,1996,15.238777
Ukraine,2002,6.2564626
Ukraine,2003,3.2376096
Ukraine,2004,2.7920778
Ukraine,2005,1.1141379
Ukraine,2006,0.66708416
Ukraine,2007,0.46176934
Ukraine,2008,0.12728716
Ukraine,2009,0.31702265
Ukraine,2010,0.13373865
Ukraine,2011,0.07094681
Ukraine,2012,0.13678427
Ukraine,2013,0.05296205
Ukraine,2014,0.026385983
Ukraine,2015,0.2730814
Ukraine,2016,0.24907406
Ukraine,2017,0.08330421
Ukraine,2018,0.23609516
Ukraine,2019,0.18007751
Ukraine,2020,0.033767752
United Arab Emirates,2013,0
United Arab Emirates,2018,0
United Kingdom,1968,0.22279997
United Kingdom,1969,0.24375853
United Kingdom,1970,0.23443529
United Kingdom,1971,0
United Kingdom,1972,0.23006743
United Kingdom,1973,0
United Kingdom,1974,0.23836887
United Kingdom,1975,0.23684762
United Kingdom,1976,0
United Kingdom,1977,0.24468091
United Kingdom,1978,0
United Kingdom,1979,0
United Kingdom,1980,0
United Kingdom,1981,0
United Kingdom,1982,0.235974
United Kingdom,1983,0
United Kingdom,1984,0.2477439
United Kingdom,1985,0.21794489
United Kingdom,1986,0.246679
United Kingdom,1987,0
United Kingdom,1988,0.22670023
United Kingdom,1989,0.23182261
United Kingdom,1990,0.21884726
United Kingdom,1991,0.22625723
United Kingdom,1992,0.24008574
United Kingdom,1993,0.24117
United Kingdom,1994,0.24662726
United Kingdom,1995,0.24714142
United Kingdom,1996,0.24636719
United Kingdom,1997,0.24725112
United Kingdom,1998,0.24555744
United Kingdom,1999,0.24853188
United Kingdom,2000,0.2488854
United Kingdom,2001,0.24793082
United Kingdom,2002,0.24940577
United Kingdom,2003,0.24987273
United Kingdom,2004,0.24976642
United Kingdom,2005,0.24664982
United Kingdom,2006,0.23013963
United Kingdom,2007,0.24377541
United Kingdom,2008,0.2468745
United Kingdom,2009,0.24892771
United Kingdom,2010,0.24635163
United Kingdom,2011,0.24730621
United Kingdom,2012,0.49416083
United Kingdom,2013,0.24445823
United Kingdom,2014,0.24630047
United Kingdom,2015,0.24924742
United Kingdom,2016,0.24917287
United Kingdom,2017,0.24929656
United Kingdom,2018,0.49848223
United Kingdom,2019,0.49803847
United Kingdom,2020,0.49933377
United Kingdom,2021,0.49831137
United States,1963,1.4986123
United States,1964,1.4979492
United States,1965,1.2493482
United States,1966,1.2411878
United States,1967,0.998477
United States,1968,0.9991681
United States,1969,0.74792063
United States,1970,0.9985742
United States,1971,0.99790627
United States,1972,0.74866146
United States,1973,0.7495643
United States,1974,0.74715984
United States,1975,0.74625975
United States,1976,0.7443531
United States,1977,0.499499
United States,1978,0.7489869
United States,1979,0.7496049
United States,1980,0.4995189
United States,1981,0.49927452
United States,1982,0.74773115
United States,1983,0.7487713
United States,1984,0.7493725
United States,1985,0.7496562
United States,1986,0.74684536
United States,1987,0.49927145
United States,1988,0.4992039
United States,1989,0.49920124
United States,1990,0.49714324
United States,1991,0.49938723
United States,1992,0.49789935
United States,1993,0.7483688
United States,1994,0.74711955
United States,1995,0.7477349
United States,1996,0.7485454
United States,1997,0.74906164
United States,1998,0.7488341
United States,1999,0.74805623
United States,2000,0.74959534
United States,2001,0.9982753
United States,2002,0.99950916
United States,2003,0.9974198
United States,2004,0.9998821
United States,2005,0.99973184
United States,2006,0.9986555
United States,2007,0.9996451
United States,2008,0.99974924
United States,2009,0.9993861
United States,2010,1.2480615
United States,2011,0.9989762
United States,2012,0.99847966
United States,2013,0.99546385
United States,2014,1.2489468
United States,2015,1.2491881
United States,2016,1.2479337
United States,2017,1.2499229
United States,2018,0.9997919
United States,2019,0.99917054
United States,2020,0.4996183
United States,2021,0.49628988
United States,2022,1.2491857
United States,2023,1.2497342
Uruguay,2006,1.0247957
Uruguay,2007,0.7409602
Uruguay,2008,0.4102528
Uruguay,2009,0.43807378
Uruguay,2010,0.29160225
Uruguay,2011,0.24554183
Uruguay,2012,0.26949468
Uruguay,2013,0.3063146
Uruguay,2014,0.2115371
Uruguay,2015,0.21638308
Uruguay,2016,0.1253963
Uruguay,2017,0.11754421
Uruguay,2018,0.09022135
Uruguay,2019,0.1317269
Uruguay,2020,0.27661452
Uruguay,2021,0.15432957
Uruguay,2022,0.24023405
Uruguay,2023,0.1693897
Uruguay,2024,0.16715977
Uruguay (urban),1981,0
Uruguay (urban),1989,1.0446085
Uruguay (urban),1992,0.86906666
Uruguay (urban),1995,0.8450753
Uruguay (urban),1996,0.8616103
Uruguay (urban),1997,0.73992497
Uruguay (urban),1998,0.8802245
Uruguay (urban),2000,0.8300387
Uruguay (urban),2001,0.7061025
Uruguay (urban),2002,1.1213923
Uruguay (urban),2003,1.5494643
Uruguay (urban),2004,1.6920056
Uruguay (urban),2005,1.522471
Uzbekistan,2021,4.373623
Uzbekistan,2022,4.3929377
Uzbekistan,2023,4.0662766
Uzbekistan,2024,2.718295
Vanuatu,2010,25.711266
Vanuatu,2019,19.495604
Venezuela,1981,11.336
Venezuela,1987,12.285
Venezuela,1989,7.2639627
Venezuela,1992,6.884314
Venezuela,1995,15.14426
Venezuela,1998,14.864723
Venezuela,1999,16.7047
Venezuela,2001,14.738451
Venezuela,2002,22.137087
Venezuela,2003,27.116314
Venezuela,2004,22.75986
Venezuela,2005,18.11188
Venezuela,2006,9.71206
Vietnam,1992,57.46466
Vietnam,1997,38.14493
Vietnam,2002,43.308372
Vietnam,2004,30.85449
Vietnam,2006,23.74107
Vietnam,2008,17.551384
Vietnam,2010,5.216893
Vietnam,2012,3.7219102
Vietnam,2014,3.413611
Vietnam,2016,2.5073142
Vietnam,2018,2.2435725
Vietnam,2020,1.3027537
Vietnam,2022,1.6033597
Western and Central Africa (WB),1981,54.551624
Western and Central Africa (WB),1982,56.273556
Western and Central Africa (WB),1983,59.044796
Western and Central Africa (WB),1984,59.602173
Western and Central Africa (WB),1985,58.53352
Western and Central Africa (WB),1986,58.97633
Western and Central Africa (WB),1987,59.882206
Western and Central Africa (WB),1988,60.180855
Western and Central Africa (WB),1989,61.135197
Western and Central Africa (WB),1990,61.406223
Western and Central Africa (WB),1991,62.69549
Western and Central Africa (WB),1992,63.651985
Western and Central Africa (WB),1993,64.14326
Western and Central Africa (WB),1994,64.47169
Western and Central Africa (WB),1995,64.73361
Western and Central Africa (WB),1996,64.38186
Western and Central Africa (WB),1997,63.526268
Western and Central Africa (WB),1998,62.68622
Western and Central Africa (WB),1999,62.153305
Western and Central Africa (WB),2000,61.546944
Western and Central Africa (WB),2001,60.025932
Western and Central Africa (WB),2002,57.77425
Western and Central Africa (WB),2003,56.605476
Western and Central Africa (WB),2004,54.51274
Western and Central Africa (WB),2005,53.454823
Western and Central Africa (WB),2006,52.393105
Western and Central Africa (WB),2007,51.50152
Western and Central Africa (WB),2008,49.643795
Western and Central Africa (WB),2009,48.710026
Western and Central Africa (WB),2010,46.36406
Western and Central Africa (WB),2011,45.16635
Western and Central Africa (WB),2012,43.57142
Western and Central Africa (WB),2013,42.09677
Western and Central Africa (WB),2014,40.94879
Western and Central Africa (WB),2015,40.189064
Western and Central Africa (WB),2016,38.91922
Western and Central Africa (WB),2017,37.013298
Western and Central Africa (WB),2018,35.216248
Western and Central Africa (WB),2019,33.90092
Western and Central Africa (WB),2020,36.20237
Western and Central Africa (WB),2021,36.43082
Western and Central Africa (WB),2022,36.452263
Western and Central Africa (WB),2023,36.57816
Western and Central Africa (WB),2024,35.73638
Western and Central Africa (WB),2025,34.97248
World,1990,43.388023
World,1991,43.08289
World,1992,42.433163
World,1993,41.93418
World,1994,40.57449
World,1995,39.21483
World,1996,37.943718
World,1997,37.58953
World,1998,37.852707
World,1999,37.306698
World,2000,36.259186
World,2001,35.31036
World,2002,33.80712
World,2003,32.229572
World,2004,30.324295
World,2005,28.369513
World,2006,26.983028
World,2007,25.313198
World,2008,24.132984
World,2009,23.04694
World,2010,20.982952
World,2011,19.185453
World,2012,17.897312
World,2013,15.551214
World,2014,14.567658
World,2015,13.437223
World,2016,12.59719
World,2017,11.854417
World,2018,11.175927
World,2019,10.796557
World,2020,11.398537
World,2021,11.240253
World,2022,10.802793
World,2023,10.520797
World,2024,10.3072815
World,2025,10.119776
World (excluding China),1990,32.580696
World (excluding China),1991,32.64868
World (excluding China),1992,32.524853
World (excluding China),1993,32.578312
World (excluding China),1994,32.302826
World (excluding China),1995,31.941969
World (excluding China),1996,31.583067
World (excluding China),1997,31.531218
World (excluding China),1998,32.194077
World (excluding China),1999,31.82221
World (excluding China),2000,31.432259
World (excluding China),2001,31.120222
World (excluding China),2002,30.169645
World (excluding China),2003,29.428312
World (excluding China),2004,28.289747
World (excluding China),2005,27.20047
World (excluding China),2006,26.097988
World (excluding China),2007,24.679638
World (excluding China),2008,23.625513
World (excluding China),2009,22.899435
World (excluding China),2010,21.076675
World (excluding China),2011,20.002642
World (excluding China),2012,18.980335
World (excluding China),2013,17.705206
World (excluding China),2014,16.820623
World (excluding China),2015,15.817722
World (excluding China),2016,14.947215
World (excluding China),2017,14.142242
World (excluding China),2018,13.489395
World (excluding China),2019,13.182345
World (excluding China),2020,13.894587
World (excluding China),2021,13.679415
World (excluding China),2022,13.121873
World (excluding China),2023,12.751214
World (excluding China),2024,12.464199
World (excluding China),2025,12.210276
World (excluding India),1990,42.219196
World (excluding India),1991,41.86193
World (excluding India),1992,41.18817
World (excluding India),1993,40.725426
World (excluding India),1994,39.19552
World (excluding India),1995,37.57415
World (excluding India),1996,36.078346
World (excluding India),1997,35.628544
World (excluding India),1998,35.93279
World (excluding India),1999,35.31924
World (excluding India),2000,34.04843
World (excluding India),2001,32.880207
World (excluding India),2002,31.026817
World (excluding India),2003,29.13414
World (excluding India),2004,26.869587
World (excluding India),2005,24.801756
World (excluding India),2006,23.688686
World (excluding India),2007,22.234186
World (excluding India),2008,21.044289
World (excluding India),2009,20.211306
World (excluding India),2010,18.68788
World (excluding India),2011,17.167902
World (excluding India),2012,16.138586
World (excluding India),2013,13.86173
World (excluding India),2014,13.318272
World (excluding India),2015,12.639433
World (excluding India),2016,12.274995
World (excluding India),2017,11.877113
World (excluding India),2018,11.458765
World (excluding India),2019,11.25235
World (excluding India),2020,11.776456
World (excluding India),2021,11.916259
World (excluding India),2022,11.786977
World (excluding India),2023,11.791532
World (excluding India),2024,11.737869
World (excluding India),2025,11.665603
Yemen,1998,15.446858
Yemen,2005,21.355875
Yemen,2014,33.300495
Zambia,1991,62.984104
Zambia,1993,67.059
Zambia,1996,56.060184
Zambia,1998,56.623684
Zambia,2002,67.98157
Zambia,2004,68.93102
Zambia,2006,71.96303
Zambia,2010,71.367195
Zambia,2015,67.89284
Zambia,2022,71.65615
Zimbabwe,2011,35.717
Zimbabwe,2017,44.65687
Zimbabwe,2019,49.219894